GO_ID,0
GO:0005515,786
GO:0005634,418
GO:0005886,401
GO:0005829,383
GO:0005654,327
GO:0005737,320
GO:0016020,234
GO:0046872,163
GO:0005524,142
GO:0006357,136
GO:0070062,135
GO:0045944,132
GO:0042802,124
GO:0003723,114
GO:0000785,112
GO:0003677,104
GO:0000122,99
GO:0007165,97
GO:0045893,95
GO:0098978,88
GO:0000981,87
GO:0000978,87
GO:0005576,86
GO:0005794,82
GO:0008270,78
GO:0045202,72
GO:0045892,71
GO:0003682,71
GO:0030424,70
GO:0032991,68
GO:0005783,68
GO:0007399,67
GO:0043005,67
GO:0030425,67
GO:0005739,67
GO:0009986,66
GO:0007155,65
GO:0048471,62
GO:0005789,62
GO:0005509,62
GO:0006468,62
GO:0007420,61
GO:0007268,60
GO:0045211,57
GO:0014069,55
GO:0005730,53
GO:0043025,51
GO:0005615,51
GO:0006355,50
GO:0042803,49
GO:0043231,48
GO:0010628,47
GO:1990837,47
GO:0106310,46
GO:0019901,44
GO:0035556,44
GO:0004674,44
GO:0006338,44
GO:0005925,44
GO:0005813,44
GO:0003700,43
GO:0042734,43
GO:0006325,41
GO:0043066,40
GO:0016887,39
GO:0043197,39
GO:0008284,39
GO:0019899,39
GO:0016567,38
GO:0003713,37
GO:0001228,37
GO:0008285,37
GO:0016607,37
GO:0008022,36
GO:0044877,36
GO:0030154,35
GO:0007156,35
GO:0031267,35
GO:0006915,34
GO:0000139,34
GO:0016324,33
GO:0016477,33
GO:0005856,33
GO:0019904,32
GO:0005516,32
GO:0045296,32
GO:0009410,31
GO:0010629,30
GO:0016323,30
GO:0005769,30
GO:0007411,30
GO:0001764,30
GO:0006366,30
GO:0035176,29
GO:0050790,29
GO:0004672,29
GO:0098794,29
GO:0000976,29
GO:0007049,29
GO:0046982,28
GO:0098793,28
GO:0015031,28
GO:0006351,28
GO:0051015,28
GO:0005096,28
GO:0030027,28
GO:0007417,28
GO:0050804,28
GO:0051726,27
GO:0001525,27
GO:0007186,27
GO:0098839,27
GO:0018105,27
GO:0005874,26
GO:1990904,26
GO:0016604,26
GO:0046777,26
GO:0015629,26
GO:0042393,26
GO:0005102,26
GO:0038023,25
GO:0005694,25
GO:0098685,25
GO:0043524,25
GO:0001227,25
GO:0001666,25
GO:0034220,25
GO:0060090,25
GO:0034765,24
GO:0004842,24
GO:0045121,24
GO:0043204,24
GO:0003779,24
GO:0006974,24
GO:0005765,24
GO:0030426,24
GO:0061630,24
GO:0005912,24
GO:0003714,23
GO:0061629,23
GO:0000977,23
GO:0060079,23
GO:0003729,23
GO:0044325,23
GO:0098982,23
GO:0008013,23
GO:0043410,23
GO:0006281,22
GO:0001540,22
GO:0008017,22
GO:0043235,22
GO:0098609,22
GO:0007612,22
GO:0051301,22
GO:0140297,22
GO:0007613,22
GO:0031982,21
GO:0030182,21
GO:0004930,21
GO:0006511,21
GO:0009897,21
GO:0043565,21
GO:0070374,21
GO:0043065,21
GO:0007283,21
GO:0005764,21
GO:0007626,20
GO:0006954,20
GO:0007409,20
GO:0003924,20
GO:0045087,20
GO:0001934,20
GO:0005911,20
GO:0021987,20
GO:0031965,20
GO:0005667,20
GO:0010468,20
GO:0062023,20
GO:0042995,20
GO:0016192,20
GO:0042391,20
GO:0007507,19
GO:0016055,19
GO:0007605,19
GO:0008021,19
GO:0030336,19
GO:0000165,19
GO:0005525,19
GO:0003674,19
GO:0030165,18
GO:2000463,18
GO:0007568,18
GO:0010976,18
GO:0016363,18
GO:0005802,18
GO:0043161,18
GO:0000776,18
GO:1904315,18
GO:0030335,18
GO:0005085,18
GO:0001701,18
GO:0030054,18
GO:0050821,18
GO:0050839,18
GO:0072659,18
GO:0008360,18
GO:0000209,18
GO:0120162,17
GO:0035725,17
GO:0051965,17
GO:0007416,17
GO:0005759,17
GO:0018108,17
GO:0031625,17
GO:0005938,17
GO:0031410,17
GO:0008104,17
GO:0097110,17
GO:0071805,16
GO:0006470,16
GO:0007010,16
GO:0006508,16
GO:0006886,16
GO:0048511,16
GO:0045666,16
GO:0030036,16
GO:0031490,16
GO:0031901,16
GO:0003712,16
GO:0045471,16
GO:0030496,16
GO:0006955,15
GO:0030018,15
GO:0000287,15
GO:0007204,15
GO:0007611,15
GO:0007601,15
GO:0006897,15
GO:0051897,15
GO:0007275,15
GO:0051968,15
GO:0030534,15
GO:0060291,15
GO:0019228,15
GO:0006887,15
GO:0070588,15
GO:0043547,15
GO:0017124,15
GO:0005788,15
GO:0000781,15
GO:0051092,15
GO:0045766,14
GO:0047485,14
GO:0048167,14
GO:0008076,14
GO:0048812,14
GO:0060076,14
GO:0042826,14
GO:0050808,14
GO:0002250,14
GO:0051056,14
GO:0008542,14
GO:0042752,14
GO:0032355,14
GO:0032922,14
GO:0001501,14
GO:0001650,14
GO:0007169,13
GO:0007166,13
GO:1904646,13
GO:0043195,13
GO:0001975,13
GO:0035264,13
GO:0000398,13
GO:0018107,13
GO:0008380,13
GO:0035235,13
GO:0031175,13
GO:0015630,13
GO:0007015,13
GO:0045665,13
GO:0000281,13
GO:0005178,13
GO:0035249,13
GO:0099505,13
GO:0005768,13
GO:0007517,13
GO:0042383,13
GO:0042593,13
GO:0005891,13
GO:0000786,13
GO:0065003,13
GO:0099634,13
GO:0043087,13
GO:0009791,13
GO:0009887,12
GO:0030672,12
GO:0051402,12
GO:0140658,12
GO:0010494,12
GO:0005249,12
GO:0030666,12
GO:0010467,12
GO:0048488,12
GO:0005743,12
GO:0010975,12
GO:0045597,12
GO:0071625,12
GO:0015276,12
GO:1904115,12
GO:0036464,12
GO:0006397,12
GO:0000922,12
GO:0005575,12
GO:0000932,12
GO:0051260,12
GO:1905606,12
GO:0090263,12
GO:0055038,12
GO:0007623,12
GO:0090630,12
GO:0016310,12
GO:0000226,12
GO:0016301,12
GO:0016525,12
GO:0060078,12
GO:0016570,12
GO:0035064,12
GO:0072686,12
GO:0007267,12
GO:0032452,12
GO:0000118,12
GO:0016605,12
GO:0004386,12
GO:0016573,12
GO:0030594,12
GO:0014068,11
GO:0032956,11
GO:0099560,11
GO:0055037,11
GO:0032869,11
GO:0005770,11
GO:0071222,11
GO:0007215,11
GO:0051568,11
GO:0071013,11
GO:0005923,11
GO:0001843,11
GO:0048156,11
GO:0010595,11
GO:0048786,11
GO:0043621,11
GO:0031594,11
GO:0007265,11
GO:0044297,11
GO:0005884,11
GO:0006334,11
GO:0033138,11
GO:0097060,11
GO:0016575,11
GO:0150104,11
GO:0010008,11
GO:0008289,11
GO:0060271,11
GO:0016358,11
GO:0008150,11
GO:0008217,11
GO:0043123,11
GO:0005200,11
GO:0002039,11
GO:0034451,11
GO:0008283,11
GO:0006874,11
GO:0005245,11
GO:0036064,11
GO:0098686,11
GO:0016328,11
GO:0034446,11
GO:0019900,11
GO:0051091,11
GO:0005635,11
GO:0004879,11
GO:0032809,11
GO:0005604,11
GO:0042981,11
GO:0086091,11
GO:0050890,11
GO:0099171,10
GO:0033674,10
GO:0018024,10
GO:0001222,10
GO:0045663,10
GO:0042470,10
GO:0000902,10
GO:0042472,10
GO:0019233,10
GO:0005231,10
GO:0043154,10
GO:0005543,10
GO:0017053,10
GO:0045444,10
GO:0001649,10
GO:0021766,10
GO:0004713,10
GO:0001933,10
GO:0007219,10
GO:0006909,10
GO:0032587,10
GO:0030308,10
GO:0060070,10
GO:0007158,10
GO:1902476,10
GO:0030334,10
GO:0009611,10
GO:0042060,10
GO:0050852,10
GO:0050877,10
GO:0060134,10
GO:0000278,10
GO:0009636,10
GO:0050885,10
GO:0030183,10
GO:0048787,10
GO:0042220,10
GO:0006816,10
GO:0030667,10
GO:0006606,10
GO:0006260,10
GO:0001938,10
GO:0051592,9
GO:1904813,9
GO:0003690,9
GO:0031648,9
GO:0007030,9
GO:0004888,9
GO:0030307,9
GO:0006813,9
GO:0006811,9
GO:0005248,9
GO:0016514,9
GO:0002020,9
GO:0008066,9
GO:0051966,9
GO:0051928,9
GO:0017156,9
GO:0017148,9
GO:0004402,9
GO:0043679,9
GO:0043966,9
GO:0043967,9
GO:0007264,9
GO:0007229,9
GO:0007189,9
GO:0098655,9
GO:0055085,9
GO:0043198,9
GO:0007162,9
GO:0004714,9
GO:0007160,9
GO:0098703,9
GO:0030141,9
GO:0035094,9
GO:0032147,9
GO:0008306,9
GO:0048169,9
GO:0050731,9
GO:0071339,9
GO:0071333,9
GO:0005815,9
GO:0005741,9
GO:0009925,9
GO:0006469,9
GO:0099175,9
GO:0010977,9
GO:0030659,9
GO:0099507,9
GO:0032839,9
GO:0009653,9
GO:2000045,9
GO:0071300,9
GO:0048009,9
GO:0009898,9
GO:0006493,9
GO:0005814,9
GO:0001889,9
GO:0012505,9
GO:0071356,9
GO:0005929,9
GO:0020037,9
GO:0070936,9
GO:0070371,9
GO:0000381,9
GO:0046330,9
GO:0006629,9
GO:0031532,9
GO:2001237,8
GO:0017075,8
GO:0046983,8
GO:0048813,8
GO:0007269,8
GO:0000149,8
GO:0010507,8
GO:0006306,8
GO:0007616,8
GO:0010506,8
GO:0097104,8
GO:0048013,8
GO:0000775,8
GO:0016579,8
GO:0001662,8
GO:0009952,8
GO:0051898,8
GO:0009966,8
GO:0031012,8
GO:0005506,8
GO:0050806,8
GO:0000151,8
GO:0005198,8
GO:0060548,8
GO:0045785,8
GO:0031252,8
GO:0008331,8
GO:0001932,8
GO:0008584,8
GO:0005262,8
GO:0006814,8
GO:0060997,8
GO:0071902,8
GO:0006836,8
GO:0006898,8
GO:0005201,8
GO:0008203,8
GO:0000993,8
GO:0014704,8
GO:0045582,8
GO:0032590,8
GO:0007018,8
GO:0031122,8
GO:0031116,8
GO:0086010,8
GO:0045177,8
GO:0009617,8
GO:0016342,8
GO:0051087,8
GO:0060041,8
GO:0034774,8
GO:0048661,8
GO:0001518,8
GO:0004725,8
GO:0019903,8
GO:0022008,8
GO:0030669,8
GO:0001917,8
GO:0003725,8
GO:0043015,8
GO:0099170,8
GO:0019905,8
GO:0030673,8
GO:0003730,8
GO:0003676,8
GO:0043484,8
GO:0030071,8
GO:0098632,8
GO:1903078,8
GO:0030509,8
GO:0001726,8
GO:0030246,8
GO:0043194,8
GO:0019894,8
GO:0019722,8
GO:0035097,8
GO:1903861,7
GO:0005844,7
GO:0050681,7
GO:0016339,7
GO:0003727,7
GO:0010288,7
GO:0098742,7
GO:0045907,7
GO:1902459,7
GO:0050714,7
GO:0007608,7
GO:0050727,7
GO:0016442,7
GO:0016459,7
GO:0019827,7
GO:0003777,7
GO:0090090,7
GO:0004843,7
GO:0050728,7
GO:0042127,7
GO:0032092,7
GO:0006368,7
GO:0007188,7
GO:0005882,7
GO:0071560,7
GO:0048538,7
GO:0048678,7
GO:0045596,7
GO:0048666,7
GO:0007059,7
GO:0051649,7
GO:0019003,7
GO:0005254,7
GO:0030890,7
GO:0033268,7
GO:2001222,7
GO:1902600,7
GO:0005251,7
GO:0045727,7
GO:0030670,7
GO:0072562,7
GO:0005905,7
GO:0045197,7
GO:0015459,7
GO:0070316,7
GO:0060074,7
GO:0008134,7
GO:0070373,7
GO:0000794,7
GO:0060071,7
GO:0016079,7
GO:0045494,7
GO:0005080,7
GO:0010592,7
GO:2000300,7
GO:0007628,7
GO:0070509,7
GO:0070527,7
GO:0031234,7
GO:0051602,7
GO:0050772,7
GO:0008201,7
GO:0051216,7
GO:0043408,7
GO:0043406,7
GO:0051179,7
GO:0051117,7
GO:0032760,7
GO:1990841,7
GO:1901224,7
GO:1900273,7
GO:0045995,7
GO:0071456,7
GO:0006605,7
GO:0097105,7
GO:0051932,7
GO:0009409,7
GO:0042110,7
GO:0030139,7
GO:0006914,7
GO:0001221,7
GO:0007179,7
GO:0030198,7
GO:0007338,7
GO:0060292,7
GO:0043537,7
GO:0046627,7
GO:2000781,7
GO:0030522,7
GO:0035255,7
GO:0006869,7
GO:0021549,7
GO:0030175,7
GO:2000819,7
GO:0008286,7
GO:0006904,7
GO:0000146,7
GO:0035278,7
GO:0051496,7
GO:0016922,7
GO:0016601,7
GO:0060170,7
GO:0030512,7
GO:0014065,7
GO:0031047,7
GO:0035865,7
GO:0005796,7
GO:0090307,7
GO:0050796,7
GO:0006417,7
GO:0035091,7
GO:0001822,7
GO:0042102,7
GO:0001750,7
GO:0098688,7
GO:0031398,7
GO:0014059,7
GO:0035267,7
GO:0044305,7
GO:0071466,7
GO:0051879,7
GO:0002052,7
GO:1905515,7
GO:0032496,7
GO:0090543,7
GO:0010951,6
GO:0021756,6
GO:0005819,6
GO:0048015,6
GO:0046718,6
GO:0007163,6
GO:0042417,6
GO:0051865,6
GO:0008016,6
GO:0003007,6
GO:0030324,6
GO:0030674,6
GO:0071277,6
GO:0012507,6
GO:0042605,6
GO:0032570,6
GO:0007625,6
GO:0031492,6
GO:0060047,6
GO:1990830,6
GO:0071230,6
GO:0005903,6
GO:0003148,6
GO:0005902,6
GO:0042800,6
GO:0048148,6
GO:0000791,6
GO:0048168,6
GO:0050767,6
GO:0006396,6
GO:0006412,6
GO:0042100,6
GO:0050775,6
GO:0035815,6
GO:0032993,6
GO:1900026,6
GO:0032968,6
GO:0009888,6
GO:1900087,6
GO:0042043,6
GO:0006979,6
GO:0031902,6
GO:0051571,6
GO:0040018,6
GO:0060998,6
GO:0006936,6
GO:0030100,6
GO:0036211,6
GO:0030155,6
GO:0008344,6
GO:0051321,6
GO:1901796,6
GO:0030163,6
GO:0030177,6
GO:2000779,6
GO:0060325,6
GO:0032024,6
GO:0006888,6
GO:0050770,6
GO:0033077,6
GO:0048188,6
GO:0042130,6
GO:0048306,6
GO:0048487,6
GO:0140092,6
GO:0048593,6
GO:0007062,6
GO:0048675,6
GO:0070577,6
GO:0070555,6
GO:0048709,6
GO:0031647,6
GO:0030315,6
GO:0070507,6
GO:0042311,6
GO:0007043,6
GO:0031667,6
GO:0042277,6
GO:0021954,6
GO:0048854,6
GO:0000792,6
GO:0042162,6
GO:0042149,6
GO:0002028,6
GO:0050321,6
GO:0046332,6
GO:0006282,6
GO:0006302,6
GO:0050679,6
GO:0050680,6
GO:0006337,6
GO:0099054,6
GO:0046928,6
GO:0030902,6
GO:0090575,6
GO:0016592,6
GO:0045664,6
GO:0007405,6
GO:1990403,6
GO:0045669,6
GO:0030511,6
GO:0090398,6
GO:0030514,6
GO:0007584,6
GO:0007596,6
GO:0032436,6
GO:0043278,6
GO:0016925,6
GO:0045776,6
GO:0004521,6
GO:0000123,6
GO:0045815,6
GO:0098962,6
GO:0017018,6
GO:0071565,6
GO:0032435,6
GO:0001916,6
GO:0044666,6
GO:1905168,6
GO:0004721,6
GO:0043113,6
GO:0045171,6
GO:0045184,6
GO:0001947,6
GO:0016266,6
GO:0045165,6
GO:0031093,6
GO:0034707,6
GO:0034644,6
GO:0000082,6
GO:0086002,6
GO:0032454,6
GO:0007216,6
GO:0001656,6
GO:0007214,6
GO:0007413,6
GO:0001772,6
GO:0043124,6
GO:0016529,6
GO:0090148,6
GO:0003697,6
GO:0001568,6
GO:0071526,6
GO:0045773,6
GO:0097119,6
GO:0043388,6
GO:0051967,6
GO:0045956,6
GO:0043539,6
GO:0032508,6
GO:0035418,6
GO:0032433,6
GO:0043433,6
GO:0017157,6
GO:0043491,6
GO:0001891,5
GO:0001658,5
GO:0050769,5
GO:0004197,5
GO:0010035,5
GO:0035024,5
GO:0000724,5
GO:0004722,5
GO:0051028,5
GO:0000723,5
GO:0060348,5
GO:0098691,5
GO:0032091,5
GO:0006406,5
GO:0006413,5
GO:0030506,5
GO:0016586,5
GO:0031748,5
GO:0051262,5
GO:0004693,5
GO:0097190,5
GO:0051924,5
GO:1990090,5
GO:0030286,5
GO:0043525,5
GO:0043536,5
GO:0050660,5
GO:0050661,5
GO:0016311,5
GO:0032743,5
GO:0097431,5
GO:0042147,5
GO:0097386,5
GO:0008278,5
GO:0060324,5
GO:0035279,5
GO:0035035,5
GO:0004890,5
GO:0030178,5
GO:0001708,5
GO:0003743,5
GO:0016407,5
GO:0045111,5
GO:0035060,5
GO:0032591,5
GO:0032755,5
GO:2001234,5
GO:0050729,5
GO:0051480,5
GO:0051959,5
GO:0043202,5
GO:0017154,5
GO:0060213,5
GO:0030048,5
GO:0060766,5
GO:0051497,5
GO:0002062,5
GO:0061098,5
GO:0036126,5
GO:0001725,5
GO:0008543,5
GO:0032728,5
GO:0009314,5
GO:1902275,5
GO:0061025,5
GO:0030073,5
GO:0017025,5
GO:0051493,5
GO:0061003,5
GO:0060261,5
GO:0050919,5
GO:0060999,5
GO:0043968,5
GO:0097109,5
GO:0006939,5
GO:0060996,5
GO:2000767,5
GO:0035924,5
GO:0006959,5
GO:0030041,5
GO:0090502,5
GO:0097730,5
GO:0035019,5
GO:0008143,5
GO:0022851,5
GO:0008361,5
GO:0001673,5
GO:0004653,5
GO:0001890,5
GO:0009790,5
GO:0050795,5
GO:0035023,5
GO:0000502,5
GO:0097120,5
GO:1900152,5
GO:0016791,5
GO:1900153,5
GO:0019221,5
GO:0044306,5
GO:0022857,5
GO:0051145,5
GO:1902042,5
GO:0044295,5
GO:0006968,5
GO:0035116,5
GO:0035115,5
GO:0032729,5
GO:0005881,5
GO:0045787,5
GO:0034332,5
GO:0005496,5
GO:1990454,5
GO:0042641,5
GO:0031526,5
GO:0042632,5
GO:0046854,5
GO:0071564,5
GO:0005871,5
GO:0002931,5
GO:0021554,5
GO:0010942,5
GO:0007193,5
GO:0099566,5
GO:0032204,5
GO:0021772,5
GO:0035265,5
GO:0031201,5
GO:0035198,5
GO:0019898,5
GO:0001974,5
GO:0042475,5
GO:0015631,5
GO:0048146,5
GO:0008015,5
GO:0030864,5
GO:0099572,5
GO:0034394,5
GO:2000311,5
GO:0046966,5
GO:0007157,5
GO:0032228,5
GO:0005546,5
GO:1902711,5
GO:0007187,5
GO:0005777,5
GO:0030838,5
GO:0043034,5
GO:0034087,5
GO:0042789,5
GO:2000060,5
GO:0030217,5
GO:0042755,5
GO:0042711,5
GO:0046974,5
GO:0031258,5
GO:0046975,5
GO:1990573,5
GO:0045931,5
GO:0005518,5
GO:0005811,5
GO:0045921,5
GO:0060021,5
GO:0001837,5
GO:0001541,5
GO:0042733,5
GO:0034198,5
GO:0015030,5
GO:0045732,5
GO:0045335,5
GO:0005158,5
GO:0007520,5
GO:0001570,5
GO:0005640,5
GO:0005681,5
GO:0048741,5
GO:0034504,5
GO:0035633,5
GO:0070412,5
GO:0042307,5
GO:0014823,5
GO:0030527,5
GO:0080182,5
GO:0035371,5
GO:0046676,5
GO:0034605,5
GO:0030374,5
GO:0010501,5
GO:0048844,5
GO:1902895,5
GO:0005643,5
GO:0032465,5
GO:0043010,5
GO:0048870,5
GO:0071363,5
GO:0007026,5
GO:0032154,5
GO:0005637,5
GO:0032467,5
GO:0048589,5
GO:0070934,5
GO:0031623,5
GO:0007173,5
GO:0007565,5
GO:0035196,5
GO:0048172,5
GO:0043083,5
GO:0005244,5
GO:0071944,5
GO:0006006,5
GO:2000352,5
GO:0051607,5
GO:0048565,5
GO:0051896,5
GO:0140288,5
GO:0031641,5
GO:0046716,5
GO:0043014,5
GO:0045599,5
GO:0001223,5
GO:0045638,5
GO:0003678,5
GO:1904862,5
GO:0035580,4
GO:0008236,4
GO:0032420,4
GO:0007614,4
GO:0051453,4
GO:0008239,4
GO:0007346,4
GO:0030220,4
GO:0035641,4
GO:0008233,4
GO:0030331,4
GO:0008092,4
GO:0007498,4
GO:0030501,4
GO:0032588,4
GO:0008089,4
GO:0035640,4
GO:0035522,4
GO:0008094,4
GO:0030544,4
GO:0007519,4
GO:0032281,4
GO:0035521,4
GO:0007528,4
GO:0030316,4
GO:0032230,4
GO:0030431,4
GO:0032148,4
GO:0032580,4
GO:0032088,4
GO:0051823,4
GO:0008093,4
GO:0030521,4
GO:0035613,4
GO:0035904,4
GO:0051491,4
GO:0051864,4
GO:0032212,4
GO:0035579,4
GO:0043505,4
GO:0051393,4
GO:0045778,4
GO:0043022,4
GO:0045987,4
GO:0045945,4
GO:0045860,4
GO:0030855,4
GO:0015277,4
GO:0045807,4
GO:0019902,4
GO:0030169,4
GO:0045765,4
GO:0045747,4
GO:0045736,4
GO:0019888,4
GO:0035195,4
GO:0043085,4
GO:0043086,4
GO:0046037,4
GO:0031290,4
GO:0046325,4
GO:0034260,4
GO:0033629,4
GO:0034063,4
GO:0021591,4
GO:0034113,4
GO:0031369,4
GO:0034205,4
GO:0014074,4
GO:0021537,4
GO:0046710,4
GO:0021510,4
GO:0046580,4
GO:0034243,4
GO:0046329,4
GO:0031295,4
GO:0046326,4
GO:0030878,4
GO:0045595,4
GO:0045505,4
GO:0043200,4
GO:0030957,4
GO:0016740,4
GO:0016746,4
GO:0044309,4
GO:0031016,4
GO:0044224,4
GO:0017022,4
GO:0043276,4
GO:0043409,4
GO:0030971,4
GO:0017162,4
GO:0043434,4
GO:0043568,4
GO:0043542,4
GO:0043531,4
GO:0016580,4
GO:0051963,4
GO:0030900,4
GO:0031054,4
GO:0016042,4
GO:0034452,4
GO:0016082,4
GO:0030901,4
GO:0016188,4
GO:0034599,4
GO:0034647,4
GO:0016239,4
GO:0016241,4
GO:0043130,4
GO:0034720,4
GO:0019829,4
GO:0016485,4
GO:0034976,4
GO:0030949,4
GO:0042744,4
GO:0033627,4
GO:0042713,4
GO:0030050,4
GO:0031966,4
GO:0050853,4
GO:0050848,4
GO:0030658,4
GO:0030010,4
GO:0009642,4
GO:0032868,4
GO:0040014,4
GO:0032870,4
GO:0009749,4
GO:0009792,4
GO:0042053,4
GO:0032983,4
GO:0042098,4
GO:0009954,4
GO:0009408,4
GO:0030097,4
GO:0022038,4
GO:0050911,4
GO:0036092,4
GO:0008327,4
GO:0032008,4
GO:0030159,4
GO:0051279,4
GO:0008353,4
GO:0032007,4
GO:0051123,4
GO:0030136,4
GO:0051090,4
GO:0008569,4
GO:0036477,4
GO:0051013,4
GO:0030099,4
GO:0050918,4
GO:0042113,4
GO:0010039,4
GO:0031514,4
GO:0048701,4
GO:0048665,4
GO:0048664,4
GO:0010719,4
GO:0048286,4
GO:0010842,4
GO:0042416,4
GO:0048147,4
GO:0042462,4
GO:0021853,4
GO:0048144,4
GO:0042552,4
GO:0010881,4
GO:0048027,4
GO:0010906,4
GO:0010971,4
GO:0010701,4
GO:0048715,4
GO:0033116,4
GO:0048755,4
GO:0022011,4
GO:0031668,4
GO:0042135,4
GO:0010259,4
GO:0050482,4
GO:0010332,4
GO:0050135,4
GO:0048873,4
GO:0048856,4
GO:0042166,4
GO:0042169,4
GO:0042177,4
GO:0048839,4
GO:0048791,4
GO:0042297,4
GO:0048660,4
GO:0051492,4
GO:0007286,4
GO:0001953,4
GO:1904062,4
GO:0060612,4
GO:0090625,4
GO:0001895,4
GO:0070922,4
GO:0097091,4
GO:0006661,4
GO:0070831,4
GO:0060828,4
GO:1903351,4
GO:0001952,4
GO:0001954,4
GO:0001578,4
GO:1903076,4
GO:0001964,4
GO:0006635,4
GO:0006631,4
GO:0097150,4
GO:0004385,4
GO:0005975,4
GO:0097151,4
GO:0097242,4
GO:0002027,4
GO:0004175,4
GO:0004601,4
GO:0090522,4
GO:0005901,4
GO:0001829,4
GO:0090102,4
GO:0006906,4
GO:0090129,4
GO:0001654,4
GO:0090201,4
GO:0004715,4
GO:0001669,4
GO:0005845,4
GO:0090303,4
GO:0006879,4
GO:0060326,4
GO:1990000,4
GO:0071108,4
GO:0004698,4
GO:0004697,4
GO:0001756,4
GO:0001771,4
GO:0006801,4
GO:1904753,4
GO:0001784,4
GO:0001786,4
GO:0006749,4
GO:0099509,4
GO:1902430,4
GO:0097484,4
GO:0097546,4
GO:1900034,4
GO:0003707,4
GO:0002486,4
GO:0003684,4
GO:0003680,4
GO:0003407,4
GO:0098869,4
GO:0070050,4
GO:0006376,4
GO:0006367,4
GO:0070410,4
GO:0070382,4
GO:0120163,4
GO:0098919,4
GO:0006349,4
GO:0070064,4
GO:0106002,4
GO:0098976,4
GO:0098983,4
GO:0098985,4
GO:0098992,4
GO:0006275,4
GO:0099562,4
GO:0099149,4
GO:0003724,4
GO:0071539,4
GO:0097692,4
GO:1900095,4
GO:0002087,4
GO:0002088,4
GO:0002092,4
GO:0002116,4
GO:0006094,4
GO:1901386,4
GO:1901385,4
GO:1901379,4
GO:1901363,4
GO:1901214,4
GO:0002218,4
GO:0002223,4
GO:0061564,4
GO:1900745,4
GO:0070593,4
GO:0098586,4
GO:0070578,4
GO:0003925,4
GO:0061644,4
GO:0098696,4
GO:0061733,4
GO:0061809,4
GO:0006473,4
GO:0006913,4
GO:1904706,4
GO:0099508,4
GO:0071407,4
GO:0000228,4
GO:2000406,4
GO:0000184,4
GO:0007064,4
GO:2000310,4
GO:0071318,4
GO:0071392,4
GO:0005044,4
GO:0000987,4
GO:0055007,4
GO:0007218,4
GO:0000132,4
GO:0086007,4
GO:0007224,4
GO:2000251,4
GO:0005771,4
GO:0000793,4
GO:0005109,4
GO:2001028,4
GO:0005112,4
GO:0060038,4
GO:0072089,4
GO:0007098,4
GO:0072332,4
GO:0005237,4
GO:0005246,4
GO:0007095,4
GO:0071880,4
GO:0060048,4
GO:0007191,4
GO:2000648,4
GO:0007194,4
GO:0071364,4
GO:0005261,4
GO:2000969,4
GO:0000086,4
GO:0000145,4
GO:0051973,4
GO:1990907,4
GO:2000134,4
GO:0006935,4
GO:0004970,4
GO:2001238,4
GO:0001046,4
GO:0007271,4
GO:0071310,4
GO:0001558,4
GO:0006998,4
GO:0004984,4
GO:0007266,4
GO:0043266,3
GO:0015271,3
GO:0045746,3
GO:0099122,3
GO:0021522,3
GO:0043001,3
GO:0043256,3
GO:0043254,3
GO:0043008,3
GO:0099072,3
GO:0099022,3
GO:0045739,3
GO:0045786,3
GO:0042982,3
GO:0045861,3
GO:0043268,3
GO:0005484,3
GO:0043277,3
GO:0015813,3
GO:0045671,3
GO:0045670,3
GO:0021542,3
GO:0043296,3
GO:0043395,3
GO:0042974,3
GO:0071949,3
GO:0042953,3
GO:0045653,3
GO:0098637,3
GO:0098690,3
GO:0045859,3
GO:0045762,3
GO:0045777,3
GO:0098880,3
GO:0098871,3
GO:0005326,3
GO:0098911,3
GO:0005324,3
GO:0071711,3
GO:0098831,3
GO:0045792,3
GO:0045821,3
GO:0043121,3
GO:0045840,3
GO:0098797,3
GO:0019227,3
GO:0005319,3
GO:0003333,3
GO:0005313,3
GO:0098719,3
GO:0043149,3
GO:0043153,3
GO:0071813,3
GO:0005267,3
GO:0003300,3
GO:0003774,3
GO:0071558,3
GO:0098693,3
GO:0019896,3
GO:0098662,3
GO:0043021,3
GO:0015844,3
GO:0004866,3
GO:0019226,3
GO:0044344,3
GO:0045198,3
GO:0016594,3
GO:0016595,3
GO:0044648,3
GO:0004683,3
GO:0016242,3
GO:0090314,3
GO:0090316,3
GO:0044326,3
GO:0016581,3
GO:0090336,3
GO:0005005,3
GO:0090394,3
GO:0016787,3
GO:0016236,3
GO:0016233,3
GO:0005030,3
GO:0045322,3
GO:0016251,3
GO:0090305,3
GO:0005041,3
GO:0045055,3
GO:0016460,3
GO:0090043,3
GO:0086064,3
GO:0045104,3
GO:0016491,3
GO:0086056,3
GO:0090103,3
GO:0086046,3
GO:0090141,3
GO:0005001,3
GO:0086045,3
GO:0044849,3
GO:0086013,3
GO:0004971,3
GO:0004972,3
GO:0090279,3
GO:0045182,3
GO:0005000,3
GO:0016853,3
GO:0044294,3
GO:0019216,3
GO:0018149,3
GO:0017145,3
GO:0017146,3
GO:0097167,3
GO:0097193,3
GO:0004181,3
GO:0018076,3
GO:0015908,3
GO:0005179,3
GO:0004864,3
GO:0043652,3
GO:0072520,3
GO:0097449,3
GO:0043523,3
GO:0043507,3
GO:0019005,3
GO:0097553,3
GO:0097623,3
GO:0097676,3
GO:0017134,3
GO:0015909,3
GO:0095500,3
GO:0016081,3
GO:0097009,3
GO:0044209,3
GO:0016973,3
GO:0097107,3
GO:0043984,3
GO:0045334,3
GO:0097113,3
GO:0080111,3
GO:0045453,3
GO:0005159,3
GO:0016045,3
GO:0097114,3
GO:0097116,3
GO:0004435,3
GO:0043931,3
GO:0043923,3
GO:0007281,3
GO:0045475,3
GO:0004115,3
GO:0022849,3
GO:0003151,3
GO:0001503,3
GO:1990314,3
GO:1990380,3
GO:0034454,3
GO:0031146,3
GO:1990414,3
GO:1990416,3
GO:0031209,3
GO:1990635,3
GO:0034333,3
GO:0001508,3
GO:1990782,3
GO:0031333,3
GO:0042799,3
GO:0001502,3
GO:2000010,3
GO:0031394,3
GO:0031397,3
GO:0034089,3
GO:2000059,3
GO:0031434,3
GO:0031463,3
GO:0000972,3
GO:0031491,3
GO:2000270,3
GO:0034612,3
GO:0031100,3
GO:0034614,3
GO:0001618,3
GO:0035254,3
GO:1904707,3
GO:0035240,3
GO:0001819,3
GO:0035197,3
GO:1904861,3
GO:0035162,3
GO:0030893,3
GO:1904929,3
GO:1905167,3
GO:0035065,3
GO:1905475,3
GO:0001711,3
GO:0001702,3
GO:1990071,3
GO:0031023,3
GO:0031032,3
GO:0001664,3
GO:0001659,3
GO:0031069,3
GO:0034728,3
GO:0001640,3
GO:0031091,3
GO:0033602,3
GO:0031527,3
GO:0031528,3
GO:0032757,3
GO:0032735,3
GO:0032039,3
GO:0032703,3
GO:0000242,3
GO:0032200,3
GO:0000159,3
GO:0032526,3
GO:0032206,3
GO:0032210,3
GO:0032211,3
GO:0000124,3
GO:0032229,3
GO:0032232,3
GO:0032259,3
GO:2001224,3
GO:0032263,3
GO:0000079,3
GO:0032279,3
GO:0032437,3
GO:2001241,3
GO:2001243,3
GO:0032414,3
GO:0032332,3
GO:0000340,3
GO:2000773,3
GO:0031529,3
GO:0000375,3
GO:0031571,3
GO:0031589,3
GO:0031624,3
GO:0000812,3
GO:0033365,3
GO:0033276,3
GO:0033169,3
GO:0000783,3
GO:0031669,3
GO:0033081,3
GO:0033017,3
GO:2000601,3
GO:0032982,3
GO:2000651,3
GO:2000678,3
GO:0032880,3
GO:2000736,3
GO:0000422,3
GO:0000421,3
GO:2000737,3
GO:0032793,3
GO:0032786,3
GO:0000380,3
GO:0030833,3
GO:0030728,3
GO:0030705,3
GO:0042270,3
GO:0002639,3
GO:0140718,3
GO:0150012,3
GO:0042119,3
GO:0150094,3
GO:0022604,3
GO:1900029,3
GO:0022904,3
GO:0040029,3
GO:0023026,3
GO:0040015,3
GO:1900242,3
GO:0030007,3
GO:0030008,3
GO:1900271,3
GO:0030030,3
GO:0030031,3
GO:0030032,3
GO:0038024,3
GO:1900452,3
GO:1900454,3
GO:0038007,3
GO:0030056,3
GO:0021952,3
GO:0042310,3
GO:0036302,3
GO:0042327,3
GO:0021612,3
GO:0042756,3
GO:0099524,3
GO:0099525,3
GO:0042692,3
GO:0021702,3
GO:0099626,3
GO:0042626,3
GO:0021759,3
GO:0042612,3
GO:0021762,3
GO:0099641,3
GO:0101005,3
GO:0042551,3
GO:0042542,3
GO:0021819,3
GO:0042473,3
GO:0021846,3
GO:0021852,3
GO:0042445,3
GO:0042420,3
GO:0140359,3
GO:0021902,3
GO:1901216,3
GO:0030145,3
GO:1904645,3
GO:0035584,3
GO:0001973,3
GO:1902894,3
GO:0001968,3
GO:0001965,3
GO:0035578,3
GO:0001963,3
GO:0001958,3
GO:1903204,3
GO:0030432,3
GO:0035520,3
GO:0030507,3
GO:1903561,3
GO:0030513,3
GO:0001937,3
GO:0030516,3
GO:0030518,3
GO:0001935,3
GO:0035493,3
GO:0030552,3
GO:0035335,3
GO:0035315,3
GO:1903979,3
GO:1904322,3
GO:0030332,3
GO:0030326,3
GO:0030148,3
GO:0030325,3
GO:0030160,3
GO:1901998,3
GO:0036033,3
GO:0036002,3
GO:0002076,3
GO:0030199,3
GO:0035970,3
GO:0030215,3
GO:0030216,3
GO:1902017,3
GO:0030218,3
GO:0035909,3
GO:1902287,3
GO:0035869,3
GO:0030276,3
GO:0002040,3
GO:0002031,3
GO:1902494,3
GO:0002021,3
GO:1902533,3
GO:0030317,3
GO:1902667,3
GO:0001992,3
GO:0071542,3
GO:0038083,3
GO:0070301,3
GO:0070986,3
GO:0051481,3
GO:0048010,3
GO:0070032,3
GO:0048012,3
GO:0071005,3
GO:0006641,3
GO:0060982,3
GO:0051057,3
GO:0006402,3
GO:0008574,3
GO:0050771,3
GO:0048024,3
GO:0048025,3
GO:0010001,3
GO:0006919,3
GO:0008568,3
GO:0005892,3
GO:0008544,3
GO:0008046,3
GO:0051482,3
GO:0051289,3
GO:0006111,3
GO:0010875,3
GO:0007052,3
GO:0070937,3
GO:0007051,3
GO:0048705,3
GO:0007076,3
GO:0050773,3
GO:0006911,3
GO:0014033,3
GO:0009055,3
GO:0008332,3
GO:0005795,3
GO:0051450,3
GO:0061001,3
GO:0051764,3
GO:0070534,3
GO:0050965,3
GO:0014002,3
GO:0050966,3
GO:0007080,3
GO:0070542,3
GO:0050998,3
GO:0071260,3
GO:0009948,3
GO:0005828,3
GO:0051010,3
GO:0071242,3
GO:0010994,3
GO:0010634,3
GO:0010390,3
GO:0048008,3
GO:0070016,3
GO:0005834,3
GO:0005930,3
GO:0010863,3
GO:0005793,3
GO:0048643,3
GO:0048663,3
GO:0010807,3
GO:0048485,3
GO:0008135,3
GO:0070821,3
GO:0051591,3
GO:0051584,3
GO:0051583,3
GO:0005978,3
GO:0070161,3
GO:0006303,3
GO:0048489,3
GO:0060158,3
GO:0005942,3
GO:0006289,3
GO:0060173,3
GO:0060179,3
GO:0048514,3
GO:0060218,3
GO:0048536,3
GO:0070779,3
GO:0070778,3
GO:0048568,3
GO:0051209,3
GO:0051567,3
GO:0070776,3
GO:0006091,3
GO:0070059,3
GO:0007005,3
GO:0048333,3
GO:0005943,3
GO:0060285,3
GO:0007040,3
GO:0070932,3
GO:0060441,3
GO:0070888,3
GO:0006378,3
GO:0008083,3
GO:0010369,3
GO:0010839,3
GO:0008090,3
GO:0048170,3
GO:0008504,3
GO:0006364,3
GO:0010718,3
GO:0060444,3
GO:0008503,3
GO:0032391,3
GO:0048260,3
GO:0007020,3
GO:0007009,3
GO:0060736,3
GO:0060080,3
GO:0070828,3
GO:0008188,3
GO:0006611,3
GO:0070536,3
GO:0007631,3
GO:0046621,3
GO:0014902,3
GO:0061038,3
GO:0046548,3
GO:0060307,3
GO:0050882,3
GO:0061351,3
GO:0046579,3
GO:0008266,3
GO:0007566,3
GO:0006208,3
GO:0050862,3
GO:0005544,3
GO:0070262,3
GO:0048714,3
GO:0007196,3
GO:0051894,3
GO:0061036,3
GO:0014850,3
GO:0060395,3
GO:0070372,3
GO:0005669,3
GO:0046628,3
GO:0070207,3
GO:0007595,3
GO:0007202,3
GO:0046488,3
GO:0007205,3
GO:0061045,3
GO:0007249,3
GO:0051378,3
GO:0061178,3
GO:0045964,3
GO:0050847,3
GO:0061154,3
GO:0007406,3
GO:0007422,3
GO:0070369,3
GO:0051926,3
GO:0050872,3
GO:0005622,3
GO:0055001,3
GO:0046328,3
GO:0071383,3
GO:0008277,3
GO:0007212,3
GO:0046425,3
GO:0007270,3
GO:0050873,3
GO:0006812,3
GO:0050829,3
GO:0055013,3
GO:0050807,3
GO:0071480,3
GO:0005721,3
GO:0070474,3
GO:0060013,3
GO:0015175,3
GO:0051412,3
GO:0050850,3
GO:0071314,3
GO:0006901,3
GO:0015179,3
GO:0048745,3
GO:0005758,3
GO:0046855,3
GO:0046856,3
GO:0005778,3
GO:0014063,3
GO:0060020,3
GO:0005782,3
GO:0050901,3
GO:0009060,3
GO:0006796,3
GO:0007099,3
GO:0070200,3
GO:0070530,3
GO:0009880,3
GO:0046965,3
GO:0048863,3
GO:0010508,3
GO:0007274,3
GO:0051302,3
GO:0007195,3
GO:0006513,3
GO:0006509,3
GO:0071347,3
GO:0048788,3
GO:0010460,3
GO:0061631,3
GO:0046697,3
GO:0051881,3
GO:0010484,3
GO:0071346,3
GO:0009755,3
GO:0006482,3
GO:0007190,3
GO:0070411,3
GO:0055088,3
GO:0006893,3
GO:0055119,3
GO:0071320,3
GO:0051384,2
GO:0060509,2
GO:1905274,2
GO:1904602,2
GO:1904526,2
GO:0051247,2
GO:1904668,2
GO:0060402,2
GO:1905150,2
GO:0051248,2
GO:1904354,2
GO:0035145,2
GO:1904798,2
GO:0051298,2
GO:0035136,2
GO:0051291,2
GO:1904888,2
GO:0060406,2
GO:0051290,2
GO:0060412,2
GO:1904738,2
GO:0035234,2
GO:1904724,2
GO:0060440,2
GO:1904948,2
GO:1904714,2
GO:1904954,2
GO:0051258,2
GO:1905030,2
GO:0035101,2
GO:0035259,2
GO:0060455,2
GO:0060484,2
GO:1904355,2
GO:0071498,2
GO:0051225,2
GO:0050953,2
GO:0035867,2
GO:0035866,2
GO:0050892,2
GO:0035864,2
GO:0050893,2
GO:0035855,2
GO:0035845,2
GO:0050896,2
GO:0035810,2
GO:0035770,2
GO:1902474,2
GO:1902475,2
GO:0050900,2
GO:0035630,2
GO:0035616,2
GO:1902495,2
GO:1902514,2
GO:0061002,2
GO:0035615,2
GO:1902425,2
GO:0061024,2
GO:0035871,2
GO:0061077,2
GO:0036038,2
GO:0036037,2
GO:1901985,2
GO:0050861,2
GO:0050870,2
GO:1902004,2
GO:0061097,2
GO:0036020,2
GO:0035995,2
GO:0050884,2
GO:0035994,2
GO:0061052,2
GO:0035987,2
GO:0035925,2
GO:0050881,2
GO:1902036,2
GO:1902219,2
GO:0035914,2
GO:0050927,2
GO:1902807,2
GO:1904262,2
GO:0051000,2
GO:1903706,2
GO:1903712,2
GO:1903779,2
GO:0035458,2
GO:1903818,2
GO:0060716,2
GO:1903829,2
GO:0035403,2
GO:1903830,2
GO:0051149,2
GO:0035360,2
GO:0035357,2
GO:0051151,2
GO:0060613,2
GO:0035307,2
GO:1903905,2
GO:1903926,2
GO:1903955,2
GO:0051219,2
GO:0035519,2
GO:0060742,2
GO:0060745,2
GO:0060976,2
GO:0051011,2
GO:1902991,2
GO:0051017,2
GO:0051019,2
GO:0035575,2
GO:0051020,2
GO:0035567,2
GO:0035562,2
GO:0060964,2
GO:0060765,2
GO:1905460,2
GO:0060916,2
GO:0051059,2
GO:1903358,2
GO:0051082,2
GO:1903416,2
GO:0060769,2
GO:1903690,2
GO:1903265,2
GO:0034381,2
GO:0060384,2
GO:0032874,2
GO:2000647,2
GO:0060052,2
GO:2000650,2
GO:0060044,2
GO:0032930,2
GO:0032926,2
GO:2000653,2
GO:2000726,2
GO:0051835,2
GO:2000727,2
GO:0033010,2
GO:0060025,2
GO:0060024,2
GO:0032836,2
GO:0032796,2
GO:0032794,2
GO:2000741,2
GO:2000766,2
GO:2000772,2
GO:0032792,2
GO:0060055,2
GO:2000587,2
GO:0032780,2
GO:0051721,2
GO:0033198,2
GO:0033197,2
GO:2000379,2
GO:0051661,2
GO:0033194,2
GO:0033189,2
GO:0033173,2
GO:0051668,2
GO:0051693,2
GO:0033150,2
GO:0033044,2
GO:0033148,2
GO:2000474,2
GO:0033137,2
GO:0033130,2
GO:0033120,2
GO:2000480,2
GO:0033089,2
GO:0060065,2
GO:2000564,2
GO:0060009,2
GO:0055093,2
GO:0033229,2
GO:0052596,2
GO:0032515,2
GO:0032506,2
GO:0051899,2
GO:0051918,2
GO:2001223,2
GO:0032469,2
GO:0052812,2
GO:0052742,2
GO:0052658,2
GO:0032453,2
GO:0055012,2
GO:0052595,2
GO:2001235,2
GO:0051930,2
GO:2001257,2
GO:0032421,2
GO:2001259,2
GO:0051935,2
GO:0032411,2
GO:0032402,2
GO:2001198,2
GO:0032516,2
GO:0055075,2
GO:0032680,2
GO:2000780,2
GO:2000791,2
GO:0032740,2
GO:0051893,2
GO:2000811,2
GO:2000821,2
GO:0032727,2
GO:0032720,2
GO:0032691,2
GO:2000987,2
GO:0051895,2
GO:2001020,2
GO:0032655,2
GO:0055074,2
GO:2001032,2
GO:2001034,2
GO:2001044,2
GO:2001046,2
GO:0055059,2
GO:2001056,2
GO:2000353,2
GO:0033235,2
GO:0051387,2
GO:1990384,2
GO:0051457,2
GO:1990379,2
GO:0034596,2
GO:0034501,2
GO:1990381,2
GO:0034497,2
GO:0034465,2
GO:0051489,2
GO:0034453,2
GO:1990391,2
GO:1990269,2
GO:0060252,2
GO:0060236,2
GO:1990456,2
GO:0034392,2
GO:0036057,2
GO:1990504,2
GO:1990535,2
GO:0034364,2
GO:0034362,2
GO:0060287,2
GO:1990264,2
GO:0034351,2
GO:0060306,2
GO:1905642,2
GO:0035050,2
GO:0060342,2
GO:1990051,2
GO:0060314,2
GO:1990089,2
GO:0035022,2
GO:0051388,2
GO:0035005,2
GO:0035004,2
GO:0034651,2
GO:1990124,2
GO:0034967,2
GO:0034776,2
GO:1990138,2
GO:0051403,2
GO:1990239,2
GO:0034703,2
GO:0034695,2
GO:0051428,2
GO:1990708,2
GO:0060216,2
GO:2000344,2
GO:0033596,2
GO:0060077,2
GO:0051604,2
GO:0033601,2
GO:0033599,2
GO:2000272,2
GO:0033598,2
GO:2000288,2
GO:0060075,2
GO:2000301,2
GO:0033592,2
GO:0033628,2
GO:0033588,2
GO:0033574,2
GO:0033555,2
GO:0033523,2
GO:2000323,2
GO:0051610,2
GO:0051620,2
GO:0051660,2
GO:0033270,2
GO:0033605,2
GO:2000171,2
GO:1990752,2
GO:2000008,2
GO:0051536,2
GO:0051548,2
GO:1990825,2
GO:0051560,2
GO:0034237,2
GO:0060203,2
GO:0034212,2
GO:1990869,2
GO:0051569,2
GO:0034185,2
GO:0033632,2
GO:0034112,2
GO:2000036,2
GO:0034109,2
GO:0034097,2
GO:0034046,2
GO:0060087,2
GO:0033686,2
GO:0051593,2
GO:0033673,2
GO:1901843,2
GO:0050793,2
GO:0061099,2
GO:0097025,2
GO:0044307,2
GO:0090554,2
GO:0044300,2
GO:0090624,2
GO:0090724,2
GO:0044291,2
GO:0044233,2
GO:0097016,2
GO:0044208,2
GO:0044154,2
GO:0044030,2
GO:0090494,2
GO:0070886,2
GO:0070840,2
GO:0043982,2
GO:0043981,2
GO:0048208,2
GO:0048255,2
GO:0097118,2
GO:0048266,2
GO:0048278,2
GO:0070830,2
GO:0070979,2
GO:0048143,2
GO:0045056,2
GO:0044665,2
GO:0090179,2
GO:0044853,2
GO:0044830,2
GO:0090207,2
GO:0044828,2
GO:0071233,2
GO:0071162,2
GO:0090281,2
GO:0048011,2
GO:0071007,2
GO:0071004,2
GO:0044321,2
GO:0070989,2
GO:0048018,2
GO:0044545,2
GO:0048019,2
GO:0090309,2
GO:0044334,2
GO:0044327,2
GO:0090325,2
GO:0048041,2
GO:0048048,2
GO:0043697,2
GO:0043687,2
GO:0043666,2
GO:0043407,2
GO:0070742,2
GO:0097493,2
GO:0043488,2
GO:0097513,2
GO:0043473,2
GO:0048599,2
GO:0048625,2
GO:0097621,2
GO:0048638,2
GO:0048639,2
GO:0097677,2
GO:0048382,2
GO:0043403,2
GO:0097680,2
GO:0043401,2
GO:0070679,2
GO:0070633,2
GO:0043393,2
GO:0097708,2
GO:0097729,2
GO:0043320,2
GO:0098505,2
GO:0043495,2
GO:0097470,2
GO:0097447,2
GO:0043534,2
GO:0048384,2
GO:0048469,2
GO:0048484,2
GO:0043647,2
GO:0097152,2
GO:0097157,2
GO:0043627,2
GO:0097191,2
GO:0043588,2
GO:0097194,2
GO:0097237,2
GO:0043552,2
GO:0043549,2
GO:0070816,2
GO:0097284,2
GO:0048513,2
GO:0097352,2
GO:0097413,2
GO:0097433,2
GO:0097440,2
GO:0097443,2
GO:0047555,2
GO:0090128,2
GO:0098574,2
GO:0045668,2
GO:0071375,2
GO:0045745,2
GO:0045743,2
GO:0045742,2
GO:0046427,2
GO:0046470,2
GO:0071889,2
GO:0045721,2
GO:0046540,2
GO:0046549,2
GO:0071947,2
GO:0071837,2
GO:0072006,2
GO:0071361,2
GO:0046600,2
GO:0072102,2
GO:0045621,2
GO:0045603,2
GO:0045600,2
GO:0046626,2
GO:0072553,2
GO:0046632,2
GO:0045759,2
GO:0071385,2
GO:0045070,2
GO:0071709,2
GO:0045925,2
GO:0071481,2
GO:0045862,2
GO:0071548,2
GO:0045943,2
GO:0071557,2
GO:0045947,2
GO:0071476,2
GO:0045820,2
GO:0071679,2
GO:0045806,2
GO:0046323,2
GO:0045794,2
GO:0045986,2
GO:0071470,2
GO:0071732,2
GO:0071782,2
GO:0045780,2
GO:0071786,2
GO:0071425,2
GO:0046034,2
GO:0071420,2
GO:0045591,2
GO:0072583,2
GO:0045580,2
GO:0086059,2
GO:0046881,2
GO:0046889,2
GO:0045176,2
GO:0071294,2
GO:0046934,2
GO:0046959,2
GO:0086014,2
GO:0086015,2
GO:0045163,2
GO:0046972,2
GO:0089700,2
GO:0072657,2
GO:0090026,2
GO:0045124,2
GO:0071287,2
GO:0046976,2
GO:0046977,2
GO:0090050,2
GO:0090063,2
GO:0045109,2
GO:0071276,2
GO:0071257,2
GO:0086012,2
GO:0046875,2
GO:0086009,2
GO:0071312,2
GO:0045499,2
GO:0071354,2
GO:0072673,2
GO:0046677,2
GO:0046686,2
GO:0072687,2
GO:0072711,2
GO:0045445,2
GO:0071322,2
GO:0075522,2
GO:0080025,2
GO:0045429,2
GO:0045428,2
GO:0046717,2
GO:0046785,2
GO:0045332,2
GO:0046825,2
GO:0046849,2
GO:0045295,2
GO:0045294,2
GO:0086004,2
GO:0070613,2
GO:0043274,2
GO:1901838,2
GO:1900016,2
GO:0150034,2
GO:0042129,2
GO:0150077,2
GO:0150079,2
GO:0070033,2
GO:0042118,2
GO:0042116,2
GO:0150105,2
GO:0042104,2
GO:1900015,2
GO:1900025,2
GO:0042136,2
GO:0042088,2
GO:0062009,2
GO:0050776,2
GO:0042048,2
GO:1900076,2
GO:0061889,2
GO:1900182,2
GO:0042030,2
GO:0040037,2
GO:0050777,2
GO:0150011,2
GO:0140693,2
GO:0050709,2
GO:0050768,2
GO:0106363,2
GO:0042471,2
GO:0110011,2
GO:0070051,2
GO:0050750,2
GO:0120192,2
GO:0140009,2
GO:0140058,2
GO:0050766,2
GO:0140374,2
GO:0140416,2
GO:0140684,2
GO:0140467,2
GO:0140566,2
GO:0140588,2
GO:0070044,2
GO:0070034,2
GO:0140672,2
GO:0140677,2
GO:0140678,2
GO:0140680,2
GO:0140683,2
GO:0061820,2
GO:1900223,2
GO:0045920,2
GO:0050830,2
GO:0036503,2
GO:0036493,2
GO:1901215,2
GO:0061202,2
GO:1901315,2
GO:0036438,2
GO:0036408,2
GO:0036376,2
GO:0036343,2
GO:0036336,2
GO:0061188,2
GO:0061744,2
GO:0050840,2
GO:0036120,2
GO:1901525,2
GO:1901537,2
GO:1901588,2
GO:1901673,2
GO:0036109,2
GO:1901727,2
GO:0061136,2
GO:1901800,2
GO:0050815,2
GO:0061368,2
GO:0061549,2
GO:0036520,2
GO:0040013,2
GO:0040008,2
GO:0039529,2
GO:0038202,2
GO:0061669,2
GO:0061649,2
GO:1900244,2
GO:0038180,2
GO:0038179,2
GO:0038166,2
GO:0038108,2
GO:0038084,2
GO:1900246,2
GO:0038033,2
GO:0038027,2
GO:0061640,2
GO:0050801,2
GO:0061577,2
GO:1901016,2
GO:1901018,2
GO:1901020,2
GO:0070063,2
GO:0070083,2
GO:0070602,2
GO:0048842,2
GO:0098909,2
GO:0098912,2
GO:0048806,2
GO:0098921,2
GO:0098970,2
GO:0043046,2
GO:0098981,2
GO:0043031,2
GO:0043027,2
GO:0048814,2
GO:0098984,2
GO:0070418,2
GO:0048843,2
GO:0043009,2
GO:0070365,2
GO:0070328,2
GO:0070325,2
GO:0099092,2
GO:0070324,2
GO:0048846,2
GO:0042987,2
GO:0042985,2
GO:0098907,2
GO:0048754,2
GO:0070087,2
GO:0098684,2
GO:0048667,2
GO:0048671,2
GO:0043252,2
GO:0043236,2
GO:0070579,2
GO:0048703,2
GO:0043209,2
GO:0098641,2
GO:0048704,2
GO:0098674,2
GO:0048706,2
GO:0070419,2
GO:0048708,2
GO:0098712,2
GO:0048712,2
GO:0098779,2
GO:0048733,2
GO:0048738,2
GO:0070498,2
GO:0098815,2
GO:0048752,2
GO:0043084,2
GO:0099147,2
GO:0048853,2
GO:0070254,2
GO:0101003,2
GO:0070182,2
GO:0050656,2
GO:0042613,2
GO:0070166,2
GO:0042610,2
GO:0070102,2
GO:0042608,2
GO:0099642,2
GO:0099645,2
GO:0042594,2
GO:0042592,2
GO:0070210,2
GO:0042555,2
GO:0050665,2
GO:0050673,2
GO:0050678,2
GO:0042532,2
GO:0042531,2
GO:0042491,2
GO:0042490,2
GO:0042476,2
GO:0101031,2
GO:0099583,2
GO:0042634,2
GO:0099578,2
GO:0042645,2
GO:0099154,2
GO:0042908,2
GO:0099173,2
GO:0099178,2
GO:0048864,2
GO:0099519,2
GO:0099523,2
GO:0070201,2
GO:0042771,2
GO:0042770,2
GO:0070198,2
GO:0042754,2
GO:0042753,2
GO:0099544,2
GO:0099553,2
GO:0099558,2
GO:0042730,2
GO:0070187,2
GO:0099563,2
GO:0050435,2
GO:0042659,2
GO:0043813,2
GO:0000027,2
GO:0015711,2
GO:0010888,2
GO:0030520,2
GO:0001835,2
GO:0002686,2
GO:0005944,2
GO:0008305,2
GO:0010944,2
GO:0008307,2
GO:0004806,2
GO:0010909,2
GO:0030330,2
GO:0005916,2
GO:0005890,2
GO:0005883,2
GO:0005875,2
GO:0030318,2
GO:0005954,2
GO:0005955,2
GO:0001833,2
GO:0008198,2
GO:0010996,2
GO:0001782,2
GO:0008179,2
GO:0008190,2
GO:0030595,2
GO:0030593,2
GO:0005956,2
GO:0008237,2
GO:0008206,2
GO:0030579,2
GO:0018393,2
GO:0018394,2
GO:0008234,2
GO:0004740,2
GO:0030301,2
GO:0019229,2
GO:0010821,2
GO:0030296,2
GO:0010835,2
GO:0010832,2
GO:0030247,2
GO:0019369,2
GO:0001885,2
GO:0004869,2
GO:0010830,2
GO:0010829,2
GO:0004908,2
GO:0005776,2
GO:0001913,2
GO:0001915,2
GO:0005697,2
GO:0030195,2
GO:0010824,2
GO:0005801,2
GO:0030278,2
GO:0004867,2
GO:0004860,2
GO:0030295,2
GO:0004857,2
GO:0019230,2
GO:0019239,2
GO:0005858,2
GO:0008352,2
GO:0002666,2
GO:0010862,2
GO:0010880,2
GO:0002645,2
GO:0008375,2
GO:0004862,2
GO:0030282,2
GO:0001851,2
GO:0004726,2
GO:0018243,2
GO:0018242,2
GO:0030644,2
GO:0007621,2
GO:0014067,2
GO:0001709,2
GO:0031090,2
GO:0014061,2
GO:0017080,2
GO:0008023,2
GO:0008024,2
GO:0002862,2
GO:0001736,2
GO:0004658,2
GO:0031072,2
GO:0008037,2
GO:0014053,2
GO:0031063,2
GO:0014070,2
GO:0017056,2
GO:0006167,2
GO:0007389,2
GO:0007368,2
GO:0031143,2
GO:0003006,2
GO:0002945,2
GO:0007369,2
GO:0014731,2
GO:0007398,2
GO:0017046,2
GO:0006211,2
GO:0002903,2
GO:0014719,2
GO:0017015,2
GO:0014075,2
GO:0006171,2
GO:0017116,2
GO:0008045,2
GO:0031045,2
GO:0030858,2
GO:0001763,2
GO:0008138,2
GO:0004709,2
GO:0004711,2
GO:0030866,2
GO:0030863,2
GO:0018026,2
GO:0002767,2
GO:0004712,2
GO:0030837,2
GO:0030836,2
GO:0008157,2
GO:0001778,2
GO:0001779,2
GO:0008131,2
GO:0030904,2
GO:0008047,2
GO:0030955,2
GO:0031018,2
GO:0031005,2
GO:0006139,2
GO:0017158,2
GO:0001738,2
GO:0014049,2
GO:0001741,2
GO:0006110,2
GO:0010575,2
GO:0030953,2
GO:0004708,2
GO:0014010,2
GO:0008091,2
GO:0006112,2
GO:0030194,2
GO:0004910,2
GO:0014816,2
GO:0010637,2
GO:0021942,2
GO:0005176,2
GO:0010225,2
GO:0002053,2
GO:0021934,2
GO:0010248,2
GO:0021930,2
GO:0010269,2
GO:0021915,2
GO:0010666,2
GO:0021553,2
GO:0021895,2
GO:0005242,2
GO:0010385,2
GO:0010659,2
GO:0010216,2
GO:0002035,2
GO:0010212,2
GO:0021517,2
GO:0019960,2
GO:0019966,2
GO:0002244,2
GO:0010033,2
GO:0010038,2
GO:0005314,2
GO:0021986,2
GO:0005250,2
GO:0021984,2
GO:0021983,2
GO:0010165,2
GO:0021960,2
GO:0002026,2
GO:0021536,2
GO:0005222,2
GO:0021869,2
GO:0008514,2
GO:0010631,2
GO:0010498,2
GO:0002155,2
GO:0010614,2
GO:0010613,2
GO:0002098,2
GO:0010608,2
GO:0010524,2
GO:0021773,2
GO:0002125,2
GO:0002151,2
GO:0021764,2
GO:0010586,2
GO:0021693,2
GO:0021740,2
GO:0021695,2
GO:0010485,2
GO:0021644,2
GO:0002089,2
GO:0021799,2
GO:0021860,2
GO:0002162,2
GO:0010626,2
GO:0021828,2
GO:0002067,2
GO:0021800,2
GO:0010458,2
GO:0021637,2
GO:0010459,2
GO:0021797,2
GO:0021631,2
GO:0005216,2
GO:0021794,2
GO:0010469,2
GO:0009967,2
GO:0009953,2
GO:0009950,2
GO:0009931,2
GO:0004993,2
GO:0005606,2
GO:0005581,2
GO:0005004,2
GO:0005577,2
GO:0010801,2
GO:0019731,2
GO:0002381,2
GO:0009048,2
GO:0009063,2
GO:0009081,2
GO:0005521,2
GO:0010765,2
GO:0010764,2
GO:0019855,2
GO:0002446,2
GO:0008631,2
GO:0019626,2
GO:0001931,2
GO:0030174,2
GO:0030170,2
GO:0002503,2
GO:0030168,2
GO:0008528,2
GO:0005682,2
GO:0008585,2
GO:0002467,2
GO:0008589,2
GO:0002476,2
GO:0002474,2
GO:0030134,2
GO:0005642,2
GO:0008625,2
GO:0010763,2
GO:0030042,2
GO:0010759,2
GO:0019934,2
GO:0009612,2
GO:0005049,2
GO:0009629,2
GO:0002314,2
GO:0005078,2
GO:0009650,2
GO:0001976,2
GO:0009450,2
GO:0023019,2
GO:0022900,2
GO:0009744,2
GO:0022850,2
GO:0022848,2
GO:0022843,2
GO:0019897,2
GO:0005388,2
GO:0005507,2
GO:0001960,2
GO:0009267,2
GO:0005504,2
GO:0005042,2
GO:0009374,2
GO:0019869,2
GO:0030017,2
GO:0009416,2
GO:0005391,2
GO:0019882,2
GO:0010757,2
GO:0030015,2
GO:0001966,2
GO:0030014,2
GO:0019886,2
GO:0007340,2
GO:0001755,2
GO:0000904,2
GO:0006883,2
GO:0006486,2
GO:0016279,2
GO:0001678,2
GO:0000900,2
GO:0004252,2
GO:0015085,2
GO:0004222,2
GO:0015095,2
GO:0031802,2
GO:0003341,2
GO:0003360,2
GO:0015108,2
GO:0003376,2
GO:0006520,2
GO:0000800,2
GO:0016199,2
GO:0016197,2
GO:0016180,2
GO:0000795,2
GO:0015171,2
GO:0000779,2
GO:0003382,2
GO:0000727,2
GO:0004177,2
GO:0031915,2
GO:0016125,2
GO:0031929,2
GO:0006892,2
GO:0031941,2
GO:0031698,2
GO:0006479,2
GO:0016281,2
GO:0003281,2
GO:0001164,2
GO:0006446,2
GO:0007084,2
GO:0014911,2
GO:0004468,2
GO:0014912,2
GO:0007077,2
GO:0015012,2
GO:0006457,2
GO:0031629,2
GO:0031630,2
GO:0001091,2
GO:0007035,2
GO:0007019,2
GO:0006997,2
GO:0004439,2
GO:0004438,2
GO:0004407,2
GO:0003323,2
GO:0031666,2
GO:0016327,2
GO:0031672,2
GO:0016303,2
GO:0006475,2
GO:0000979,2
GO:0031674,2
GO:0006476,2
GO:0031683,2
GO:0006884,2
GO:0031953,2
GO:0031622,2
GO:0015183,2
GO:0000255,2
GO:0032227,2
GO:0006612,2
GO:0015297,2
GO:0003953,2
GO:0015347,2
GO:0000212,2
GO:0015385,2
GO:0015386,2
GO:0032266,2
GO:0000166,2
GO:0015464,2
GO:0006656,2
GO:0015485,2
GO:0006730,2
GO:0032310,2
GO:0015501,2
GO:0004016,2
GO:0015807,2
GO:0015804,2
GO:0006672,2
GO:0032331,2
GO:0032342,2
GO:0006694,2
GO:0015693,2
GO:0004029,2
GO:0004046,2
GO:0000045,2
GO:0006699,2
GO:0006750,2
GO:0006783,2
GO:0000266,2
GO:0032045,2
GO:0031954,2
GO:0016013,2
GO:0031994,2
GO:0016010,2
GO:0003416,2
GO:0004157,2
GO:0015914,2
GO:0006821,2
GO:0000578,2
GO:0032012,2
GO:0003691,2
GO:0032026,2
GO:0032040,2
GO:0032050,2
GO:0006600,2
GO:0006555,2
GO:0000460,2
GO:0015872,2
GO:0006810,2
GO:0000423,2
GO:0003785,2
GO:0006576,2
GO:0004114,2
GO:0006807,2
GO:0006805,2
GO:0000307,2
GO:0003899,2
GO:0000289,2
GO:0016538,2
GO:0021707,2
GO:0031404,2
GO:0031503,2
GO:0001591,2
GO:0031279,2
GO:0031430,2
GO:0001580,2
GO:0004519,2
GO:0006361,2
GO:0003198,2
GO:0007263,2
GO:0003161,2
GO:0003056,2
GO:0014854,2
GO:0007220,2
GO:0006268,2
GO:0007213,2
GO:0031468,2
GO:0016600,2
GO:0006353,2
GO:0003084,2
GO:0006298,2
GO:0006352,2
GO:0006346,2
GO:0031461,2
GO:0001609,2
GO:0004528,2
GO:0007254,2
GO:0016593,2
GO:0031435,2
GO:0006265,2
GO:0001523,2
GO:0006310,2
GO:0016597,2
GO:0014898,2
GO:0031507,2
GO:0001675,2
GO:0001655,2
GO:0007210,2
GO:0001560,2
GO:0001217,2
GO:0001661,2
GO:0007130,2
GO:0001657,2
GO:0031402,2
GO:0006270,2
GO:0007206,2
GO:0001188,2
GO:0014819,2
GO:0016684,2
GO:0001181,2
GO:0003139,2
GO:0001676,2
GO:0001556,2
GO:0016849,2
GO:0090322,1
GO:0097444,1
GO:0004117,1
GO:0072594,1
GO:0090335,1
GO:0072593,1
GO:0080135,1
GO:0097418,1
GO:0072584,1
GO:0004663,1
GO:0005166,1
GO:0090382,1
GO:0072578,1
GO:0004657,1
GO:0072579,1
GO:0004540,1
GO:0097450,1
GO:0090362,1
GO:0005047,1
GO:0005092,1
GO:0004119,1
GO:0005053,1
GO:0004145,1
GO:0097427,1
GO:0072679,1
GO:0004136,1
GO:0072749,1
GO:0097435,1
GO:0005152,1
GO:0097422,1
GO:0072672,1
GO:0072669,1
GO:0004104,1
GO:0072660,1
GO:0090331,1
GO:0090650,1
GO:0005160,1
GO:0005161,1
GO:0004127,1
GO:0090330,1
GO:0075525,1
GO:0072655,1
GO:0097441,1
GO:0097421,1
GO:0097442,1
GO:0005125,1
GO:0097452,1
GO:0005184,1
GO:0072577,1
GO:0090461,1
GO:0004064,1
GO:0004629,1
GO:0090537,1
GO:0072359,1
GO:0004602,1
GO:0004089,1
GO:0090434,1
GO:0097529,1
GO:0090433,1
GO:0072377,1
GO:0090427,1
GO:0090425,1
GO:0072378,1
GO:0004583,1
GO:0097602,1
GO:0004063,1
GO:0004058,1
GO:0090501,1
GO:0097638,1
GO:0097639,1
GO:0072347,1
GO:0097640,1
GO:0004622,1
GO:0072341,1
GO:0072337,1
GO:0004047,1
GO:0090503,1
GO:0072334,1
GO:0005215,1
GO:0090534,1
GO:0004620,1
GO:0097542,1
GO:0072382,1
GO:0097471,1
GO:0072559,1
GO:0004551,1
GO:0097490,1
GO:0004652,1
GO:0004550,1
GO:0072542,1
GO:0090313,1
GO:0072560,1
GO:0004095,1
GO:0097485,1
GO:0004656,1
GO:0004103,1
GO:0097477,1
GO:0072576,1
GO:0097473,1
GO:0004553,1
GO:0097491,1
GO:0072539,1
GO:0072538,1
GO:0097492,1
GO:0005185,1
GO:0072498,1
GO:0072497,1
GO:0090559,1
GO:0090399,1
GO:0004096,1
GO:0097503,1
GO:0072488,1
GO:0072487,1
GO:0072423,1
GO:0090556,1
GO:0072386,1
GO:0004666,1
GO:0004507,1
GO:0004168,1
GO:0090067,1
GO:0090235,1
GO:0004861,1
GO:0090051,1
GO:0004368,1
GO:0090218,1
GO:0004383,1
GO:0004441,1
GO:0097021,1
GO:0090071,1
GO:0097117,1
GO:0004445,1
GO:0097043,1
GO:0097049,1
GO:0090091,1
GO:0004364,1
GO:0090238,1
GO:0086073,1
GO:0090009,1
GO:0090271,1
GO:0086092,1
GO:0097180,1
GO:0097178,1
GO:0090266,1
GO:0089718,1
GO:0090258,1
GO:0090036,1
GO:0004322,1
GO:0097165,1
GO:0090022,1
GO:0090023,1
GO:0090024,1
GO:0090257,1
GO:0004839,1
GO:0097115,1
GO:0004447,1
GO:0004489,1
GO:0097067,1
GO:0004777,1
GO:0090150,1
GO:0090160,1
GO:0090162,1
GO:0097070,1
GO:0090190,1
GO:0004736,1
GO:0004505,1
GO:0090168,1
GO:0090170,1
GO:0090176,1
GO:0097102,1
GO:0090181,1
GO:0004784,1
GO:0090140,1
GO:0004467,1
GO:0090136,1
GO:0097066,1
GO:0004465,1
GO:0004798,1
GO:0097061,1
GO:0090193,1
GO:0097112,1
GO:0090125,1
GO:0090200,1
GO:0004518,1
GO:0004462,1
GO:0090118,1
GO:0090116,1
GO:0004833,1
GO:0086080,1
GO:0086070,1
GO:0097381,1
GO:0090306,1
GO:0085029,1
GO:0004687,1
GO:0086001,1
GO:0005021,1
GO:0086003,1
GO:0005008,1
GO:0086005,1
GO:0085020,1
GO:0005007,1
GO:0004535,1
GO:0004707,1
GO:0086008,1
GO:0090725,1
GO:0090730,1
GO:0004677,1
GO:0097294,1
GO:0004520,1
GO:0004169,1
GO:0097374,1
GO:0080154,1
GO:0090666,1
GO:0097356,1
GO:0090312,1
GO:0080163,1
GO:0090694,1
GO:0097332,1
GO:0090722,1
GO:0080184,1
GO:0090188,1
GO:0097350,1
GO:0097338,1
GO:0090310,1
GO:0004180,1
GO:0004990,1
GO:0097241,1
GO:0086057,1
GO:0097001,1
GO:0097198,1
GO:0090282,1
GO:0004941,1
GO:0004198,1
GO:0004527,1
GO:0004931,1
GO:0004965,1
GO:0097192,1
GO:0090280,1
GO:0004305,1
GO:0097187,1
GO:0086066,1
GO:0090277,1
GO:0086048,1
GO:0090288,1
GO:0004945,1
GO:0004949,1
GO:0086036,1
GO:0097202,1
GO:0090292,1
GO:0090734,1
GO:0086027,1
GO:0086023,1
GO:0086018,1
GO:0086016,1
GO:0004950,1
GO:0097205,1
GO:0097225,1
GO:0004952,1
GO:0004190,1
GO:0090521,1
GO:0032369,1
GO:0072300,1
GO:0070097,1
GO:0006403,1
GO:0006401,1
GO:0006391,1
GO:0006390,1
GO:0070052,1
GO:0006360,1
GO:0070072,1
GO:0070076,1
GO:0070085,1
GO:0006309,1
GO:0070093,1
GO:0070098,1
GO:0070209,1
GO:0070121,1
GO:0070139,1
GO:0070160,1
GO:0006284,1
GO:0070164,1
GO:0006283,1
GO:0006278,1
GO:0006271,1
GO:0070192,1
GO:0070197,1
GO:0006269,1
GO:0006405,1
GO:0006407,1
GO:0065004,1
GO:0006414,1
GO:0061789,1
GO:0061795,1
GO:0006474,1
GO:0061811,1
GO:0061812,1
GO:0006465,1
GO:0061821,1
GO:0061844,1
GO:0061849,1
GO:0061885,1
GO:0061891,1
GO:0061903,1
GO:0061920,1
GO:0061921,1
GO:0061952,1
GO:0061974,1
GO:0062003,1
GO:0006448,1
GO:0062061,1
GO:0062094,1
GO:0062151,1
GO:0062176,1
GO:0065001,1
GO:0006266,1
GO:0070232,1
GO:0061775,1
GO:0070495,1
GO:0070403,1
GO:0006177,1
GO:0006175,1
GO:0070413,1
GO:0006166,1
GO:0070433,1
GO:0070447,1
GO:0070458,1
GO:0070459,1
GO:0006165,1
GO:0070482,1
GO:0006164,1
GO:0070233,1
GO:0006163,1
GO:0070508,1
GO:0006161,1
GO:0070524,1
GO:0006157,1
GO:0006154,1
GO:0070531,1
GO:0006147,1
GO:0006145,1
GO:0070537,1
GO:0070538,1
GO:0070384,1
GO:0006182,1
GO:0006188,1
GO:0006189,1
GO:0070234,1
GO:0070242,1
GO:0070244,1
GO:0006249,1
GO:0070256,1
GO:0006248,1
GO:0070273,1
GO:0070296,1
GO:0070300,1
GO:0006235,1
GO:0070306,1
GO:0006233,1
GO:0070317,1
GO:0006227,1
GO:0006214,1
GO:0070326,1
GO:0070327,1
GO:0006212,1
GO:0070336,1
GO:0070345,1
GO:0006210,1
GO:0006207,1
GO:0006196,1
GO:0061780,1
GO:0061771,1
GO:0070544,1
GO:0006581,1
GO:0006613,1
GO:0061006,1
GO:0061010,1
GO:0061014,1
GO:0006601,1
GO:0006590,1
GO:0061037,1
GO:0006584,1
GO:0061040,1
GO:0061041,1
GO:0061044,1
GO:0061047,1
GO:0061157,1
GO:0061051,1
GO:0061053,1
GO:0061072,1
GO:0006571,1
GO:0006562,1
GO:0006560,1
GO:0006559,1
GO:0061101,1
GO:0061133,1
GO:0061141,1
GO:0006546,1
GO:0006617,1
GO:0006621,1
GO:0006627,1
GO:0006636,1
GO:0006695,1
GO:0060748,1
GO:0060749,1
GO:0060763,1
GO:0006693,1
GO:0060767,1
GO:0060789,1
GO:0060792,1
GO:0060816,1
GO:0006659,1
GO:0060840,1
GO:0060853,1
GO:0060876,1
GO:0060907,1
GO:0006657,1
GO:0060947,1
GO:0060956,1
GO:0006646,1
GO:0060977,1
GO:0060978,1
GO:0006644,1
GO:0060992,1
GO:0006643,1
GO:0061156,1
GO:0061158,1
GO:0061763,1
GO:0061608,1
GO:0061534,1
GO:0061535,1
GO:0061550,1
GO:0061551,1
GO:0006518,1
GO:0061575,1
GO:0006491,1
GO:0061578,1
GO:0061582,1
GO:0061598,1
GO:0061599,1
GO:0061628,1
GO:0061159,1
GO:0006490,1
GO:0006489,1
GO:0006488,1
GO:0006487,1
GO:0061665,1
GO:0006477,1
GO:0061692,1
GO:0061734,1
GO:0061736,1
GO:0061753,1
GO:0061760,1
GO:0061512,1
GO:0061502,1
GO:0061485,1
GO:0061484,1
GO:0006543,1
GO:0061179,1
GO:0061184,1
GO:0006541,1
GO:0061198,1
GO:0006537,1
GO:0061300,1
GO:0061303,1
GO:0061304,1
GO:0061308,1
GO:0061312,1
GO:0061324,1
GO:0061333,1
GO:0061337,1
GO:0006536,1
GO:0061364,1
GO:0006531,1
GO:0061436,1
GO:0061458,1
GO:0061459,1
GO:0061462,1
GO:0061469,1
GO:0061470,1
GO:0006144,1
GO:0070551,1
GO:0072240,1
GO:0071617,1
GO:0005497,1
GO:0005471,1
GO:0004030,1
GO:0005460,1
GO:0005459,1
GO:0071559,1
GO:0005452,1
GO:0071577,1
GO:0071596,1
GO:0071598,1
GO:0071599,1
GO:0071621,1
GO:0005334,1
GO:0005356,1
GO:0071630,1
GO:0071636,1
GO:0071638,1
GO:0071651,1
GO:0071664,1
GO:0005342,1
GO:0071681,1
GO:0071705,1
GO:0071707,1
GO:0005337,1
GO:0071532,1
GO:0071514,1
GO:0071503,1
GO:0071502,1
GO:0005614,1
GO:0071386,1
GO:0071391,1
GO:0005608,1
GO:0071394,1
GO:0071398,1
GO:0071404,1
GO:0005607,1
GO:0071439,1
GO:0071447,1
GO:0071459,1
GO:0071464,1
GO:0005548,1
GO:0071468,1
GO:0005547,1
GO:0071471,1
GO:0071474,1
GO:0005545,1
GO:0071478,1
GO:0071479,1
GO:0005539,1
GO:0071482,1
GO:0005513,1
GO:0005335,1
GO:0071773,1
GO:0005652,1
GO:0072112,1
GO:0071985,1
GO:0072012,1
GO:0072014,1
GO:0072015,1
GO:0072033,1
GO:0072053,1
GO:0072054,1
GO:0072070,1
GO:0072079,1
GO:0005220,1
GO:0072091,1
GO:0072126,1
GO:0071774,1
GO:0072133,1
GO:0072134,1
GO:0072148,1
GO:0072160,1
GO:0072182,1
GO:0072189,1
GO:0072201,1
GO:0072218,1
GO:0072227,1
GO:0072233,1
GO:0072236,1
GO:0071963,1
GO:0005223,1
GO:0005234,1
GO:0071942,1
GO:0005332,1
GO:0005330,1
GO:0071788,1
GO:0071806,1
GO:0005309,1
GO:0005308,1
GO:0071838,1
GO:0071847,1
GO:0071870,1
GO:0071875,1
GO:0005253,1
GO:0071894,1
GO:0071895,1
GO:0071896,1
GO:0071897,1
GO:0005247,1
GO:0071911,1
GO:0071918,1
GO:0071921,1
GO:0071922,1
GO:0071926,1
GO:0071931,1
GO:0071933,1
GO:0071376,1
GO:0071374,1
GO:0070561,1
GO:0070863,1
GO:0070822,1
GO:0005968,1
GO:0005967,1
GO:0005958,1
GO:0070837,1
GO:0070842,1
GO:0070847,1
GO:0070848,1
GO:0070849,1
GO:0070856,1
GO:0070859,1
GO:0070878,1
GO:0070972,1
GO:0070885,1
GO:0070905,1
GO:0070911,1
GO:0070914,1
GO:0005952,1
GO:0070931,1
GO:0005947,1
GO:0070933,1
GO:0005927,1
GO:0005921,1
GO:0070966,1
GO:0005977,1
GO:0006020,1
GO:0006024,1
GO:0006027,1
GO:0070564,1
GO:0070573,1
GO:0006127,1
GO:0006120,1
GO:0006119,1
GO:0070584,1
GO:0070585,1
GO:0006114,1
GO:0070603,1
GO:0006105,1
GO:0070626,1
GO:0070628,1
GO:0006090,1
GO:0070644,1
GO:0070662,1
GO:0070667,1
GO:0006085,1
GO:0070685,1
GO:0070728,1
GO:0006072,1
GO:0070765,1
GO:0006044,1
GO:0070777,1
GO:0070971,1
GO:0070974,1
GO:0005658,1
GO:0005689,1
GO:0071286,1
GO:0005797,1
GO:0071288,1
GO:0005790,1
GO:0071298,1
GO:0005785,1
GO:0071305,1
GO:0005747,1
GO:0005740,1
GO:0071315,1
GO:0071316,1
GO:0071321,1
GO:0005876,1
GO:0005686,1
GO:0005685,1
GO:0071335,1
GO:0005684,1
GO:0071345,1
GO:0005680,1
GO:0071353,1
GO:0005677,1
GO:0005668,1
GO:0005666,1
GO:0005665,1
GO:0071285,1
GO:0071284,1
GO:0071280,1
GO:0005798,1
GO:0071006,1
GO:0005868,1
GO:0005863,1
GO:0071027,1
GO:0071062,1
GO:0005859,1
GO:0071109,1
GO:0071133,1
GO:0071141,1
GO:0071144,1
GO:0071168,1
GO:0071169,1
GO:0071204,1
GO:0071205,1
GO:0071211,1
GO:0005853,1
GO:0071225,1
GO:0005852,1
GO:0005838,1
GO:0005832,1
GO:0071243,1
GO:0005827,1
GO:0005826,1
GO:0071549,1
GO:0099041,1
GO:0097681,1
GO:0001774,1
GO:0001780,1
GO:1904835,1
GO:1904842,1
GO:1904851,1
GO:1904871,1
GO:1904874,1
GO:1904878,1
GO:1904879,1
GO:0001775,1
GO:1904893,1
GO:1904903,1
GO:1904908,1
GO:1904930,1
GO:0004019,1
GO:1904936,1
GO:0001768,1
GO:1904949,1
GO:1904951,1
GO:1904953,1
GO:1904980,1
GO:0001758,1
GO:1905035,1
GO:1905037,1
GO:1905041,1
GO:1905049,1
GO:1905059,1
GO:1904800,1
GO:1904791,1
GO:1904783,1
GO:1904782,1
GO:1904504,1
GO:1904507,1
GO:1904515,1
GO:0001840,1
GO:1904528,1
GO:1904550,1
GO:1904556,1
GO:1904586,1
GO:1904628,1
GO:1904637,1
GO:0001832,1
GO:1904651,1
GO:1904659,1
GO:0001831,1
GO:1904690,1
GO:1904694,1
GO:0001826,1
GO:0001825,1
GO:0001823,1
GO:1904719,1
GO:0001818,1
GO:0001817,1
GO:0001783,1
GO:1904754,1
GO:1904778,1
GO:1905070,1
GO:1905098,1
GO:1905144,1
GO:1905564,1
GO:1905599,1
GO:1905612,1
GO:1905631,1
GO:1905634,1
GO:1905636,1
GO:0001707,1
GO:1905643,1
GO:1905663,1
GO:1905665,1
GO:1905684,1
GO:1905686,1
GO:1905689,1
GO:1905696,1
GO:1905773,1
GO:1905774,1
GO:1905776,1
GO:1905778,1
GO:1905818,1
GO:1905820,1
GO:1905821,1
GO:1905832,1
GO:1905839,1
GO:1905857,1
GO:1905875,1
GO:1905906,1
GO:1905598,1
GO:1905563,1
GO:0001757,1
GO:1905537,1
GO:1905172,1
GO:1905205,1
GO:1905206,1
GO:1905221,1
GO:1905232,1
GO:1905279,1
GO:1905281,1
GO:1905305,1
GO:1905349,1
GO:1905360,1
GO:1905366,1
GO:1905370,1
GO:1905381,1
GO:1905394,1
GO:1905408,1
GO:1905426,1
GO:1905429,1
GO:1905451,1
GO:0001732,1
GO:1905477,1
GO:1905502,1
GO:0001731,1
GO:1905524,1
GO:1905528,1
GO:1905534,1
GO:1904450,1
GO:1904447,1
GO:1904430,1
GO:1903508,1
GO:1903539,1
GO:1903542,1
GO:1903544,1
GO:1903546,1
GO:0001940,1
GO:1903577,1
GO:1903588,1
GO:1903593,1
GO:1903597,1
GO:1903598,1
GO:1903599,1
GO:1903608,1
GO:1903615,1
GO:1903671,1
GO:1903672,1
GO:0001939,1
GO:1903691,1
GO:1903699,1
GO:0001936,1
GO:1903709,1
GO:1903721,1
GO:1903748,1
GO:1903753,1
GO:1903760,1
GO:1903764,1
GO:1903527,1
GO:1903506,1
GO:0001920,1
GO:1903429,1
GO:1903206,1
GO:1903214,1
GO:1903231,1
GO:1903232,1
GO:1903235,1
GO:1903238,1
GO:1903241,1
GO:1903244,1
GO:0001951,1
GO:1903286,1
GO:1903288,1
GO:1903296,1
GO:1903305,1
GO:0001945,1
GO:1903352,1
GO:0001944,1
GO:1903361,1
GO:1903367,1
GO:1903373,1
GO:1903375,1
GO:1903377,1
GO:1903382,1
GO:0001942,1
GO:1903422,1
GO:1903428,1
GO:1903770,1
GO:1903801,1
GO:1904428,1
GO:0001850,1
GO:1904139,1
GO:1904141,1
GO:1904150,1
GO:1904152,1
GO:1904155,1
GO:1904158,1
GO:1904178,1
GO:1904179,1
GO:1904231,1
GO:1904234,1
GO:1904261,1
GO:0001849,1
GO:1904263,1
GO:1904300,1
GO:0001848,1
GO:0001845,1
GO:1904353,1
GO:0001842,1
GO:0001841,1
GO:1904357,1
GO:1904372,1
GO:1904373,1
GO:1904383,1
GO:1904386,1
GO:1904417,1
GO:1904117,1
GO:1904100,1
GO:0001919,1
GO:1904090,1
GO:1903824,1
GO:1903825,1
GO:1903826,1
GO:1903860,1
GO:0001894,1
GO:1903883,1
GO:1903886,1
GO:1903898,1
GO:0001892,1
GO:1903919,1
GO:1903923,1
GO:0001886,1
GO:0001882,1
GO:1903984,1
GO:1904017,1
GO:1904019,1
GO:1904024,1
GO:1904034,1
GO:1904044,1
GO:1904045,1
GO:1904047,1
GO:1904049,1
GO:1904058,1
GO:1904059,1
GO:1904075,1
GO:1905907,1
GO:1905913,1
GO:1905920,1
GO:2000563,1
GO:2000566,1
GO:2000568,1
GO:2000573,1
GO:2000584,1
GO:0000722,1
GO:0000720,1
GO:2000617,1
GO:2000620,1
GO:2000623,1
GO:2000630,1
GO:2000637,1
GO:2000641,1
GO:0000712,1
GO:0000515,1
GO:0000514,1
GO:0000470,1
GO:2000657,1
GO:2000660,1
GO:2000671,1
GO:2000675,1
GO:2000677,1
GO:2000679,1
GO:2000691,1
GO:2000707,1
GO:0000435,1
GO:0000725,1
GO:2000560,1
GO:0000414,1
GO:2000546,1
GO:0000815,1
GO:2000341,1
GO:0000806,1
GO:2000351,1
GO:0000805,1
GO:0000801,1
GO:2000367,1
GO:2000373,1
GO:2000377,1
GO:2000378,1
GO:2000391,1
GO:2000392,1
GO:2000393,1
GO:2000394,1
GO:0000796,1
GO:2000409,1
GO:2000427,1
GO:2000438,1
GO:2000473,1
GO:2000479,1
GO:2000481,1
GO:2000486,1
GO:2000491,1
GO:2000516,1
GO:2000524,1
GO:0000425,1
GO:0000405,1
GO:0000819,1
GO:0000243,1
GO:2001037,1
GO:0000179,1
GO:2001054,1
GO:2001055,1
GO:0000164,1
GO:2001162,1
GO:2001165,1
GO:2001171,1
GO:2001187,1
GO:0000152,1
GO:2001199,1
GO:2001205,1
GO:0000111,1
GO:0000109,1
GO:0000083,1
GO:0000077,1
GO:0000070,1
GO:0000064,1
GO:0000062,1
GO:2001239,1
GO:0000056,1
GO:0000055,1
GO:2001256,1
GO:0000054,1
GO:2001268,1
GO:0000220,1
GO:2001027,1
GO:2000758,1
GO:2001022,1
GO:0000404,1
GO:0000400,1
GO:0000395,1
GO:0000354,1
GO:2000774,1
GO:0000339,1
GO:0000303,1
GO:0000302,1
GO:2000795,1
GO:2000805,1
GO:2000807,1
GO:2000808,1
GO:2000809,1
GO:0000288,1
GO:2000820,1
GO:2000822,1
GO:2000825,1
GO:2000864,1
GO:2000973,1
GO:0000245,1
GO:2001013,1
GO:2001014,1
GO:2001015,1
GO:2001016,1
GO:0000244,1
GO:2000316,1
GO:0000821,1
GO:1905949,1
GO:1990393,1
GO:0001547,1
GO:1990423,1
GO:1990426,1
GO:1990443,1
GO:1990444,1
GO:1990452,1
GO:0001544,1
GO:0001542,1
GO:1990460,1
GO:1990498,1
GO:0001533,1
GO:1990513,1
GO:1990518,1
GO:1990531,1
GO:0001530,1
GO:0001527,1
GO:1990666,1
GO:1990696,1
GO:0001517,1
GO:1990711,1
GO:1990716,1
GO:1990718,1
GO:1990733,1
GO:0001516,1
GO:1990756,1
GO:1990405,1
GO:0001569,1
GO:1990776,1
GO:0001574,1
GO:0001692,1
GO:1990023,1
GO:1990034,1
GO:1990048,1
GO:1990049,1
GO:1990072,1
GO:1990075,1
GO:1990079,1
GO:1990130,1
GO:1990167,1
GO:1990175,1
GO:1990184,1
GO:1990221,1
GO:1990226,1
GO:1990229,1
GO:0001642,1
GO:1990247,1
GO:1990253,1
GO:1990254,1
GO:1990256,1
GO:1990258,1
GO:0001614,1
GO:1990280,1
GO:0001588,1
GO:0001579,1
GO:1990757,1
GO:1990778,1
GO:2000302,1
GO:2000052,1
GO:0001006,1
GO:0001003,1
GO:2000074,1
GO:2000078,1
GO:2000098,1
GO:2000109,1
GO:2000111,1
GO:2000114,1
GO:2000124,1
GO:0001002,1
GO:2000143,1
GO:2000145,1
GO:2000147,1
GO:2000170,1
GO:2000173,1
GO:2000177,1
GO:2000179,1
GO:2000210,1
GO:2000233,1
GO:2000242,1
GO:2000249,1
GO:0000956,1
GO:0000931,1
GO:0000930,1
GO:0000923,1
GO:2000058,1
GO:2000048,1
GO:1990780,1
GO:0001055,1
GO:0001507,1
GO:1990787,1
GO:1990791,1
GO:1990812,1
GO:1990822,1
GO:1990823,1
GO:0001504,1
GO:1990828,1
GO:1990845,1
GO:0001172,1
GO:1990874,1
GO:1990890,1
GO:0001156,1
GO:1990909,1
GO:1990911,1
GO:1990935,1
GO:1990955,1
GO:2000001,1
GO:2000003,1
GO:0001097,1
GO:2000009,1
GO:0001093,1
GO:2000017,1
GO:2000027,1
GO:2000035,1
GO:0001955,1
GO:1903202,1
GO:1903169,1
GO:0100001,1
GO:0002901,1
GO:0102007,1
GO:0102196,1
GO:0102545,1
GO:0102752,1
GO:0102756,1
GO:0002866,1
GO:0106006,1
GO:0106022,1
GO:0106028,1
GO:0106071,1
GO:0106139,1
GO:0106140,1
GO:0106177,1
GO:0106222,1
GO:0106226,1
GO:0106245,1
GO:0106258,1
GO:0106312,1
GO:0106313,1
GO:0002842,1
GO:0106383,1
GO:0106423,1
GO:0002774,1
GO:0110016,1
GO:0002902,1
GO:0099738,1
GO:0110053,1
GO:0002906,1
GO:0099502,1
GO:0003180,1
GO:0003179,1
GO:0003163,1
GO:0003149,1
GO:0003138,1
GO:0003128,1
GO:0099530,1
GO:0003094,1
GO:0099545,1
GO:0099551,1
GO:0003085,1
GO:0099557,1
GO:0003081,1
GO:0003073,1
GO:0003064,1
GO:0003025,1
GO:0003016,1
GO:0003009,1
GO:0099590,1
GO:0099609,1
GO:0099612,1
GO:0099625,1
GO:0002944,1
GO:0002925,1
GO:0110024,1
GO:0110064,1
GO:0099186,1
GO:0002691,1
GO:0140110,1
GO:0140115,1
GO:0140225,1
GO:0140232,1
GO:0140251,1
GO:0140252,1
GO:0140291,1
GO:0140293,1
GO:0140296,1
GO:0002685,1
GO:0140311,1
GO:0140318,1
GO:0140326,1
GO:0140328,1
GO:0140345,1
GO:0140351,1
GO:0002679,1
GO:0002675,1
GO:0002674,1
GO:0140444,1
GO:0140448,1
GO:0002667,1
GO:0140492,1
GO:0140537,1
GO:0140585,1
GO:0140105,1
GO:0140090,1
GO:0110077,1
GO:0140069,1
GO:0110078,1
GO:0110091,1
GO:0110157,1
GO:0120041,1
GO:0120116,1
GO:0120154,1
GO:0002735,1
GO:0120169,1
GO:0002729,1
GO:0120193,1
GO:0120222,1
GO:0120301,1
GO:0120325,1
GO:0140007,1
GO:0002726,1
GO:0140010,1
GO:0140030,1
GO:0140031,1
GO:0140036,1
GO:0002720,1
GO:0140059,1
GO:0140065,1
GO:0140066,1
GO:0140067,1
GO:0140068,1
GO:0099191,1
GO:0099183,1
GO:0002644,1
GO:0003867,1
GO:0003844,1
GO:0003841,1
GO:0098695,1
GO:0003828,1
GO:0098698,1
GO:0003823,1
GO:0098713,1
GO:0003756,1
GO:0003746,1
GO:0098746,1
GO:0098773,1
GO:0003735,1
GO:0098792,1
GO:0003720,1
GO:0003696,1
GO:0098796,1
GO:0098808,1
GO:0098810,1
GO:0098826,1
GO:0003415,1
GO:0003412,1
GO:0098843,1
GO:0098850,1
GO:0098855,1
GO:0098857,1
GO:0003847,1
GO:0003876,1
GO:0003401,1
GO:0003886,1
GO:0097711,1
GO:0097718,1
GO:0097720,1
GO:0004018,1
GO:0097746,1
GO:0004001,1
GO:0098531,1
GO:0098532,1
GO:0098559,1
GO:0004000,1
GO:0098577,1
GO:0003990,1
GO:0098591,1
GO:0098597,1
GO:0003988,1
GO:0003987,1
GO:0098635,1
GO:0003968,1
GO:0003918,1
GO:0098656,1
GO:0098658,1
GO:0003917,1
GO:0098664,1
GO:0098666,1
GO:0003916,1
GO:0098868,1
GO:0003383,1
GO:0003184,1
GO:0003290,1
GO:0003283,1
GO:0003272,1
GO:0099010,1
GO:0099011,1
GO:0099012,1
GO:0003266,1
GO:0006700,1
GO:0003254,1
GO:0003251,1
GO:0099073,1
GO:0099074,1
GO:0099077,1
GO:0099088,1
GO:0003231,1
GO:0099115,1
GO:0003226,1
GO:0099128,1
GO:0003223,1
GO:0003222,1
GO:0099150,1
GO:0099151,1
GO:0003220,1
GO:0003211,1
GO:0003190,1
GO:0003185,1
GO:0003289,1
GO:0003309,1
GO:0098877,1
GO:0003322,1
GO:0098883,1
GO:0098884,1
GO:0098885,1
GO:0098887,1
GO:0098888,1
GO:0098900,1
GO:0098903,1
GO:0098908,1
GO:0098910,1
GO:0003340,1
GO:0098915,1
GO:0003338,1
GO:0003329,1
GO:0098930,1
GO:0098939,1
GO:0098957,1
GO:0098958,1
GO:0003327,1
GO:0098963,1
GO:0098967,1
GO:0003326,1
GO:0098971,1
GO:0098973,1
GO:0098974,1
GO:0098977,1
GO:0140612,1
GO:0140662,1
GO:1903140,1
GO:1902078,1
GO:1902083,1
GO:1902098,1
GO:1902108,1
GO:1902121,1
GO:1902164,1
GO:1902165,1
GO:1902176,1
GO:1902177,1
GO:0002063,1
GO:1902230,1
GO:1902236,1
GO:1902254,1
GO:1902259,1
GO:1902260,1
GO:0002058,1
GO:1902282,1
GO:1902283,1
GO:1902285,1
GO:1902305,1
GO:1902309,1
GO:1902373,1
GO:1902416,1
GO:0002043,1
GO:0002042,1
GO:1902455,1
GO:1902081,1
GO:1902065,1
GO:0002033,1
GO:1902043,1
GO:1901653,1
GO:1901660,1
GO:0002138,1
GO:1901674,1
GO:1901675,1
GO:1901687,1
GO:1901706,1
GO:0002121,1
GO:1901799,1
GO:0002102,1
GO:0002091,1
GO:1901877,1
GO:1901894,1
GO:1901895,1
GO:1901897,1
GO:1901981,1
GO:1901990,1
GO:1901992,1
GO:0002085,1
GO:0002080,1
GO:0002072,1
GO:1902024,1
GO:1902033,1
GO:1902035,1
GO:0002064,1
GO:1902473,1
GO:0002032,1
GO:0002141,1
GO:1902806,1
GO:1902850,1
GO:1902855,1
GO:1902857,1
GO:1902866,1
GO:1902871,1
GO:1902889,1
GO:0001972,1
GO:0001967,1
GO:1902896,1
GO:1902905,1
GO:1902936,1
GO:1902938,1
GO:1902950,1
GO:1902951,1
GO:1902952,1
GO:1902969,1
GO:1902975,1
GO:1902988,1
GO:1902995,1
GO:1903025,1
GO:1903026,1
GO:1903053,1
GO:1903077,1
GO:0001956,1
GO:1903119,1
GO:1902817,1
GO:1902803,1
GO:0002029,1
GO:1902775,1
GO:1902482,1
GO:0002025,1
GO:1902498,1
GO:0002024,1
GO:1902523,1
GO:1902530,1
GO:1902531,1
GO:0002019,1
GO:0002011,1
GO:1902617,1
GO:1902618,1
GO:1902622,1
GO:1902661,1
GO:0002003,1
GO:1902682,1
GO:1902710,1
GO:0001991,1
GO:1902712,1
GO:1902722,1
GO:1902723,1
GO:1902725,1
GO:1902737,1
GO:1902742,1
GO:1902747,1
GO:1902774,1
GO:1901642,1
GO:1901582,1
GO:0002636,1
GO:0150099,1
GO:0160007,1
GO:0160009,1
GO:1900006,1
GO:0002469,1
GO:1900020,1
GO:0002451,1
GO:1900028,1
GO:0002437,1
GO:0002419,1
GO:1900044,1
GO:1900075,1
GO:0002407,1
GO:1900086,1
GO:0002376,1
GO:1900112,1
GO:1900113,1
GO:1900114,1
GO:1900138,1
GO:1900148,1
GO:0002360,1
GO:0002328,1
GO:1900168,1
GO:1900180,1
GO:1900181,1
GO:0002327,1
GO:0150111,1
GO:0002485,1
GO:1900222,1
GO:0150093,1
GO:0002634,1
GO:0002605,1
GO:0002581,1
GO:0140682,1
GO:0002578,1
GO:0002576,1
GO:0002548,1
GO:0002544,1
GO:0140744,1
GO:0140825,1
GO:0140857,1
GO:0140892,1
GO:0150001,1
GO:0150002,1
GO:0150007,1
GO:0002524,1
GO:0002521,1
GO:0150019,1
GO:0150020,1
GO:0002520,1
GO:0150048,1
GO:0150053,1
GO:0150054,1
GO:0002491,1
GO:0150090,1
GO:1900220,1
GO:0002326,1
GO:1901581,1
GO:1901142,1
GO:1901165,1
GO:1901166,1
GO:0002209,1
GO:0002199,1
GO:0002191,1
GO:1901222,1
GO:1901223,1
GO:0002188,1
GO:1901254,1
GO:1901256,1
GO:1901299,1
GO:0002181,1
GO:1901331,1
GO:1901355,1
GO:1901373,1
GO:0002159,1
GO:1901380,1
GO:1901381,1
GO:0002154,1
GO:1901387,1
GO:1901480,1
GO:1901491,1
GO:1901509,1
GO:1901522,1
GO:0002142,1
GO:1901163,1
GO:1901098,1
GO:1900227,1
GO:1901076,1
GO:1900239,1
GO:0002318,1
GO:0002315,1
GO:1900245,1
GO:0002296,1
GO:1900272,1
GO:0002282,1
GO:1900383,1
GO:1900407,1
GO:1900424,1
GO:1900451,1
GO:0002265,1
GO:1900453,1
GO:0002262,1
GO:1900731,1
GO:1900744,1
GO:1900746,1
GO:1900747,1
GO:1900827,1
GO:0002230,1
GO:1901017,1
GO:0002227,1
GO:1901019,1
GO:0002224,1
GO:1901021,1
GO:0060740,1
GO:0060073,1
GO:0060732,1
GO:0042572,1
GO:0021893,1
GO:0042405,1
GO:0042415,1
GO:0021891,1
GO:0021879,1
GO:0021873,1
GO:0042423,1
GO:0042427,1
GO:0042428,1
GO:0042446,1
GO:0042447,1
GO:0021859,1
GO:0021854,1
GO:0021831,1
GO:0042474,1
GO:0021812,1
GO:0021798,1
GO:0042492,1
GO:0021796,1
GO:0042538,1
GO:0021795,1
GO:0021793,1
GO:0042554,1
GO:0021785,1
GO:0042562,1
GO:0021897,1
GO:0042359,1
GO:0042328,1
GO:0042269,1
GO:0022004,1
GO:0042159,1
GO:0021965,1
GO:0042165,1
GO:0042167,1
GO:0021957,1
GO:0021955,1
GO:0042178,1
GO:0021953,1
GO:0042254,1
GO:0042256,1
GO:0042271,1
GO:0021905,1
GO:0042272,1
GO:0021941,1
GO:0042278,1
GO:0042281,1
GO:0042288,1
GO:0042289,1
GO:0042301,1
GO:0042308,1
GO:0021914,1
GO:0042321,1
GO:0042326,1
GO:0042567,1
GO:0042573,1
GO:0021523,1
GO:0042574,1
GO:0042760,1
GO:0042761,1
GO:0021626,1
GO:0021615,1
GO:0042776,1
GO:0021599,1
GO:0021588,1
GO:0021564,1
GO:0021563,1
GO:0021556,1
GO:0042805,1
GO:0042809,1
GO:0042824,1
GO:0042832,1
GO:0042835,1
GO:0042883,1
GO:0021551,1
GO:0042910,1
GO:0042923,1
GO:0021545,1
GO:0021544,1
GO:0042975,1
GO:0021540,1
GO:0021530,1
GO:0021529,1
GO:0021628,1
GO:0021633,1
GO:0042749,1
GO:0021757,1
GO:0042584,1
GO:0042589,1
GO:0042590,1
GO:0021784,1
GO:0021778,1
GO:0042596,1
GO:0021769,1
GO:0021768,1
GO:0042609,1
GO:0021761,1
GO:0021758,1
GO:0042631,1
GO:0021649,1
GO:0042633,1
GO:0021697,1
GO:0021691,1
GO:0042693,1
GO:0021688,1
GO:0021685,1
GO:0042720,1
GO:0021678,1
GO:0021675,1
GO:0021670,1
GO:0042742,1
GO:0022009,1
GO:0022010,1
GO:0022027,1
GO:0022037,1
GO:0036312,1
GO:0036315,1
GO:0030130,1
GO:0036339,1
GO:0030126,1
GO:0036369,1
GO:0036371,1
GO:0030122,1
GO:0036378,1
GO:0030121,1
GO:0036430,1
GO:0036431,1
GO:0030119,1
GO:0036449,1
GO:0036456,1
GO:0030117,1
GO:0036467,1
GO:0036468,1
GO:0036475,1
GO:0030111,1
GO:0036486,1
GO:0030098,1
GO:0036499,1
GO:0030091,1
GO:0036505,1
GO:0036309,1
GO:0030132,1
GO:0036297,1
GO:0036135,1
GO:0036023,1
GO:0030187,1
GO:0036035,1
GO:0036041,1
GO:0036042,1
GO:0030166,1
GO:0030162,1
GO:0036094,1
GO:0030156,1
GO:0030137,1
GO:0030135,1
GO:0036149,1
GO:0036295,1
GO:0036151,1
GO:0036157,1
GO:0036158,1
GO:0036219,1
GO:0036221,1
GO:0036228,1
GO:0036258,1
GO:0036268,1
GO:0036289,1
GO:0036293,1
GO:0036294,1
GO:0030055,1
GO:0030049,1
GO:0030033,1
GO:0042054,1
GO:0023041,1
GO:0023035,1
GO:0023029,1
GO:0040016,1
GO:0023025,1
GO:0040019,1
GO:0040040,1
GO:0022898,1
GO:0022852,1
GO:0042044,1
GO:0042045,1
GO:0042058,1
GO:0040001,1
GO:0042063,1
GO:0022841,1
GO:0022626,1
GO:0022625,1
GO:0022624,1
GO:0022607,1
GO:0022409,1
GO:0022408,1
GO:0022407,1
GO:0042117,1
GO:0022400,1
GO:0023052,1
GO:0039706,1
GO:0038026,1
GO:0038146,1
GO:0030023,1
GO:0038028,1
GO:0038031,1
GO:0030020,1
GO:0038039,1
GO:0038060,1
GO:0000030,1
GO:0038096,1
GO:0030016,1
GO:0038127,1
GO:0038132,1
GO:0038171,1
GO:0039702,1
GO:0030011,1
GO:0038183,1
GO:0038186,1
GO:0038191,1
GO:0038195,1
GO:0030001,1
GO:0038203,1
GO:0039008,1
GO:0039023,1
GO:0023057,1
GO:0039552,1
GO:0021527,1
GO:0021511,1
GO:0030193,1
GO:0043973,1
GO:0043587,1
GO:0017171,1
GO:0043589,1
GO:0043616,1
GO:0043619,1
GO:0043620,1
GO:0017166,1
GO:0043622,1
GO:0043631,1
GO:0017151,1
GO:0043651,1
GO:0017130,1
GO:0043654,1
GO:0017113,1
GO:0017111,1
GO:0017108,1
GO:0043812,1
GO:0017096,1
GO:0017081,1
GO:0043949,1
GO:0043951,1
GO:0043954,1
GO:0017071,1
GO:0017070,1
GO:0017069,1
GO:0043585,1
GO:0043584,1
GO:0043576,1
GO:0043535,1
GO:0018964,1
GO:0018916,1
GO:0018401,1
GO:0043508,1
GO:0043515,1
GO:0043518,1
GO:0018344,1
GO:0043530,1
GO:0018315,1
GO:0043533,1
GO:0018283,1
GO:0018158,1
GO:0043570,1
GO:0018146,1
GO:0043546,1
GO:0018095,1
GO:0043548,1
GO:0018027,1
GO:0043551,1
GO:0043555,1
GO:0043560,1
GO:0043564,1
GO:0018023,1
GO:0017196,1
GO:0043970,1
GO:0017055,1
GO:0020027,1
GO:0043995,1
GO:0016742,1
GO:0016706,1
GO:0016702,1
GO:0044336,1
GO:0044338,1
GO:0044339,1
GO:0016627,1
GO:0044346,1
GO:0044381,1
GO:0044388,1
GO:0044458,1
GO:0044539,1
GO:0044548,1
GO:0044571,1
GO:0044572,1
GO:0044611,1
GO:0016574,1
GO:0044727,1
GO:0044770,1
GO:0044772,1
GO:0044790,1
GO:0044794,1
GO:0044818,1
GO:0016571,1
GO:0044829,1
GO:0044323,1
GO:0016757,1
GO:0044320,1
GO:0044265,1
GO:0043996,1
GO:0043997,1
GO:0044013,1
GO:0044029,1
GO:0017020,1
GO:0044183,1
GO:0016964,1
GO:0016942,1
GO:0016934,1
GO:0016929,1
GO:0044241,1
GO:0016926,1
GO:0044314,1
GO:0016917,1
GO:0016907,1
GO:0016874,1
GO:0044302,1
GO:0044304,1
GO:0016836,1
GO:0016831,1
GO:0016798,1
GO:0044308,1
GO:0016790,1
GO:0044313,1
GO:0019046,1
GO:0043490,1
GO:0019065,1
GO:0019068,1
GO:0019852,1
GO:0019838,1
GO:0019834,1
GO:0043138,1
GO:0019825,1
GO:0043152,1
GO:0019811,1
GO:0019789,1
GO:0043162,1
GO:0043167,1
GO:0043169,1
GO:0043171,1
GO:0043176,1
GO:0043184,1
GO:0043186,1
GO:0019725,1
GO:0019674,1
GO:0043196,1
GO:0019563,1
GO:0043199,1
GO:0019538,1
GO:0043201,1
GO:0019534,1
GO:0019483,1
GO:0043208,1
GO:0043122,1
GO:0043116,1
GO:0043114,1
GO:0019932,1
GO:0019992,1
GO:0043011,1
GO:0043020,1
GO:0019957,1
GO:0019955,1
GO:0043024,1
GO:0019953,1
GO:0019948,1
GO:0043029,1
GO:0043030,1
GO:0043032,1
GO:0043035,1
GO:0019865,1
GO:0043043,1
GO:0043045,1
GO:0019908,1
GO:0043047,1
GO:0043048,1
GO:0019887,1
GO:0043068,1
GO:0019885,1
GO:0019870,1
GO:0043101,1
GO:0043103,1
GO:0019470,1
GO:0043219,1
GO:0043220,1
GO:0043405,1
GO:0043325,1
GO:0043330,1
GO:0043367,1
GO:0043369,1
GO:0043370,1
GO:0043379,1
GO:0043382,1
GO:0043392,1
GO:0043394,1
GO:0019222,1
GO:0019218,1
GO:0019215,1
GO:0043312,1
GO:0019213,1
GO:0019208,1
GO:0019104,1
GO:0019102,1
GO:0043422,1
GO:0043426,1
GO:0019079,1
GO:0019076,1
GO:0043457,1
GO:0043462,1
GO:0019074,1
GO:0019249,1
GO:0043308,1
GO:0043229,1
GO:0043259,1
GO:0019464,1
GO:0043232,1
GO:0019442,1
GO:0019441,1
GO:0043237,1
GO:0043248,1
GO:0043249,1
GO:0019439,1
GO:0019438,1
GO:0019433,1
GO:0043257,1
GO:0019432,1
GO:0043306,1
GO:0019430,1
GO:0043270,1
GO:0043273,1
GO:0019372,1
GO:0019371,1
GO:0019367,1
GO:0043280,1
GO:0043291,1
GO:0043295,1
GO:0019293,1
GO:0043303,1
GO:0036022,1
GO:0035999,1
GO:0016558,1
GO:0033278,1
GO:0033132,1
GO:0033135,1
GO:0031673,1
GO:0033140,1
GO:0033147,1
GO:0031670,1
GO:0033152,1
GO:0033153,1
GO:0031663,1
GO:0033176,1
GO:0031652,1
GO:0033192,1
GO:0031649,1
GO:0031643,1
GO:0031642,1
GO:0033209,1
GO:0033210,1
GO:0033211,1
GO:0031640,1
GO:0033233,1
GO:0033234,1
GO:0031639,1
GO:0033269,1
GO:0033274,1
GO:0031628,1
GO:0031681,1
GO:0033119,1
GO:0031687,1
GO:0033004,1
GO:0032940,1
GO:0032943,1
GO:0031855,1
GO:0032957,1
GO:0032963,1
GO:0031852,1
GO:0032981,1
GO:0031848,1
GO:0031821,1
GO:0031812,1
GO:0033002,1
GO:0031755,1
GO:0033108,1
GO:0031749,1
GO:0033024,1
GO:0033027,1
GO:0033031,1
GO:0033032,1
GO:0031737,1
GO:0033058,1
GO:0033076,1
GO:0031711,1
GO:0031697,1
GO:0033106,1
GO:0033277,1
GO:0033280,1
GO:0034188,1
GO:0033290,1
GO:0031462,1
GO:0033630,1
GO:0031453,1
GO:0031442,1
GO:0033689,1
GO:0033690,1
GO:0033691,1
GO:0033692,1
GO:0033700,1
GO:0033814,1
GO:0033862,1
GO:0033962,1
GO:0031433,1
GO:0034056,1
GO:0034059,1
GO:0034067,1
GO:0031418,1
GO:0034088,1
GO:0031415,1
GO:0031396,1
GO:0031392,1
GO:0034116,1
GO:0034144,1
GO:0034157,1
GO:0034161,1
GO:0031467,1
GO:0033624,1
GO:0031489,1
GO:0031592,1
GO:0033292,1
GO:0033300,1
GO:0033327,1
GO:0033344,1
GO:0031627,1
GO:0033391,1
GO:0033484,1
GO:0033489,1
GO:0033490,1
GO:0033539,1
GO:0033540,1
GO:0033558,1
GO:0033603,1
GO:0033563,1
GO:0033564,1
GO:0031581,1
GO:0031579,1
GO:0033591,1
GO:0031573,1
GO:0033593,1
GO:0031547,1
GO:0031519,1
GO:0031510,1
GO:0033600,1
GO:0032934,1
GO:0031871,1
GO:0032927,1
GO:0031877,1
GO:0032252,1
GO:0032233,1
GO:0032482,1
GO:0032483,1
GO:0032486,1
GO:0032487,1
GO:0032489,1
GO:0032490,1
GO:0032495,1
GO:0032225,1
GO:0032507,1
GO:0032223,1
GO:0032509,1
GO:0032214,1
GO:0032208,1
GO:0032525,1
GO:0032205,1
GO:0032528,1
GO:0032532,1
GO:0032535,1
GO:0032202,1
GO:0032183,1
GO:0032585,1
GO:0032145,1
GO:0032144,1
GO:0032261,1
GO:0032458,1
GO:0032264,1
GO:0032418,1
GO:0032374,1
GO:0032376,1
GO:0032385,1
GO:0032388,1
GO:0032368,1
GO:0032395,1
GO:0032396,1
GO:0032350,1
GO:0032412,1
GO:0032416,1
GO:0032417,1
GO:0032330,1
GO:0032286,1
GO:0032328,1
GO:0032429,1
GO:0032430,1
GO:0032432,1
GO:0032324,1
GO:0032434,1
GO:0032308,1
GO:0032287,1
GO:0032444,1
GO:0032446,1
GO:0032449,1
GO:0032116,1
GO:0032099,1
GO:0032593,1
GO:0031947,1
GO:0032784,1
GO:0032785,1
GO:0031996,1
GO:0032790,1
GO:0031987,1
GO:0031957,1
GO:0032801,1
GO:0032808,1
GO:0032814,1
GO:0032817,1
GO:0032831,1
GO:0032849,1
GO:0031999,1
GO:0031932,1
GO:0031931,1
GO:0032872,1
GO:0032878,1
GO:0031904,1
GO:0032886,1
GO:0032897,1
GO:0032909,1
GO:0032914,1
GO:0031894,1
GO:0032924,1
GO:0032783,1
GO:0032777,1
GO:0032651,1
GO:0032693,1
GO:0032652,1
GO:0032653,1
GO:0032094,1
GO:0032673,1
GO:0032675,1
GO:0032677,1
GO:0032060,1
GO:0032688,1
GO:0032689,1
GO:0032690,1
GO:0032059,1
GO:0032695,1
GO:0032776,1
GO:0032051,1
GO:0032707,1
GO:0032717,1
GO:0032048,1
GO:0032731,1
GO:0032036,1
GO:0032028,1
GO:0032745,1
GO:0032753,1
GO:0032011,1
GO:0032006,1
GO:0031370,1
GO:0031345,1
GO:0030197,1
GO:0030343,1
GO:0030553,1
GO:0035425,1
GO:0035441,1
GO:0035457,1
GO:0030540,1
GO:0035481,1
GO:0035483,1
GO:0035491,1
GO:0030539,1
GO:0035507,1
GO:0035511,1
GO:0035517,1
GO:0035518,1
GO:0030505,1
GO:0030502,1
GO:0030500,1
GO:0035526,1
GO:0035542,1
GO:0030433,1
GO:0030422,1
GO:0035566,1
GO:0030377,1
GO:0030371,1
GO:0035577,1
GO:0030348,1
GO:0035385,1
GO:0035374,1
GO:0035373,1
GO:0030695,1
GO:0035194,1
GO:0030865,1
GO:0030862,1
GO:0030857,1
GO:0030850,1
GO:0030849,1
GO:0035253,1
GO:0035256,1
GO:0030835,1
GO:0035261,1
GO:0030730,1
GO:0030687,1
GO:0035372,1
GO:0035269,1
GO:0030643,1
GO:0035295,1
GO:0035303,1
GO:0030641,1
GO:0035313,1
GO:0030623,1
GO:0035331,1
GO:0030620,1
GO:0035338,1
GO:0030619,1
GO:0030346,1
GO:0035582,1
GO:0031344,1
GO:0035583,1
GO:0035814,1
GO:0030279,1
GO:0035844,1
GO:0035846,1
GO:0030277,1
GO:0035861,1
GO:0030274,1
GO:0030261,1
GO:0030258,1
GO:0035868,1
GO:0030241,1
GO:0030240,1
GO:0035880,1
GO:0035881,1
GO:0035902,1
GO:0030229,1
GO:0030226,1
GO:0030225,1
GO:0030224,1
GO:0030210,1
GO:0030204,1
GO:0035973,1
GO:0035984,1
GO:0030200,1
GO:0035988,1
GO:0035811,1
GO:0035795,1
GO:0035774,1
GO:0030299,1
GO:0035585,1
GO:0035590,1
GO:0035591,1
GO:0035608,1
GO:0035609,1
GO:0035610,1
GO:0035612,1
GO:0030322,1
GO:0035627,1
GO:0030300,1
GO:0035632,1
GO:0035722,1
GO:0035773,1
GO:0035723,1
GO:0030291,1
GO:0035727,1
GO:0035729,1
GO:0035735,1
GO:0035739,1
GO:0035747,1
GO:0035748,1
GO:0035749,1
GO:0035767,1
GO:0030284,1
GO:0030877,1
GO:0035166,1
GO:0030879,1
GO:0035148,1
GO:0034445,1
GO:0031208,1
GO:0034450,1
GO:0031167,1
GO:0031161,1
GO:0031145,1
GO:0034458,1
GO:0034462,1
GO:0034464,1
GO:0031134,1
GO:0034472,1
GO:0034474,1
GO:0034485,1
GO:0031117,1
GO:0031115,1
GO:0031114,1
GO:0034511,1
GO:0034595,1
GO:0031113,1
GO:0031111,1
GO:0031110,1
GO:0031102,1
GO:0031098,1
GO:0034616,1
GO:0034620,1
GO:0034399,1
GO:0031210,1
GO:0031223,1
GO:0034316,1
GO:0031340,1
GO:0034214,1
GO:0031339,1
GO:0034236,1
GO:0031313,1
GO:0031297,1
GO:0034244,1
GO:0034246,1
GO:0031293,1
GO:0034311,1
GO:0034314,1
GO:0034329,1
GO:0034389,1
GO:0031281,1
GO:0034340,1
GO:0031274,1
GO:0031256,1
GO:0031253,1
GO:0034366,1
GO:0034380,1
GO:0031232,1
GO:0034383,1
GO:0034384,1
GO:0034386,1
GO:0034625,1
GO:0034626,1
GO:0034638,1
GO:0035066,1
GO:0035014,1
GO:0035021,1
GO:0031011,1
GO:0035025,1
GO:0031000,1
GO:0035037,1
GO:0030997,1
GO:0035051,1
GO:0030981,1
GO:0035063,1
GO:0030968,1
GO:0035067,1
GO:0031060,1
GO:0035089,1
GO:0030916,1
GO:0030915,1
GO:0035098,1
GO:0030913,1
GO:0035106,1
GO:0035112,1
GO:0030905,1
GO:0035128,1
GO:0030889,1
GO:0030881,1
GO:0031053,1
GO:0034993,1
GO:0031095,1
GO:0034706,1
GO:0034645,1
GO:0031094,1
GO:0034650,1
GO:0031092,1
GO:0034657,1
GO:0034678,1
GO:0034683,1
GO:0034693,1
GO:0034696,1
GO:0031089,1
GO:0034705,1
GO:0031088,1
GO:0034986,1
GO:0031080,1
GO:0031076,1
GO:0034750,1
GO:0034751,1
GO:0031073,1
GO:0034770,1
GO:0034772,1
GO:0034773,1
GO:0031065,1
GO:0031064,1
GO:0034983,1
GO:0016562,1
GO:0016540,1
GO:0006704,1
GO:0008199,1
GO:0008320,1
GO:0051346,1
GO:0051349,1
GO:0051353,1
GO:0051371,1
GO:0051380,1
GO:0051382,1
GO:0051385,1
GO:0008287,1
GO:0008273,1
GO:0008263,1
GO:0008247,1
GO:0008241,1
GO:0008240,1
GO:0051427,1
GO:0008238,1
GO:0051430,1
GO:0051445,1
GO:0051451,1
GO:0051452,1
GO:0008235,1
GO:0051463,1
GO:0051469,1
GO:0008228,1
GO:0008219,1
GO:0051315,1
GO:0051309,1
GO:0051306,1
GO:0008356,1
GO:0051213,1
GO:0008426,1
GO:0008409,1
GO:0008395,1
GO:0051228,1
GO:0051233,1
GO:0051238,1
GO:0051246,1
GO:0008374,1
GO:0051252,1
GO:0051255,1
GO:0008355,1
GO:0008324,1
GO:0051276,1
GO:0008349,1
GO:0051281,1
GO:0008347,1
GO:0008343,1
GO:0008340,1
GO:0051293,1
GO:0051294,1
GO:0051295,1
GO:0008333,1
GO:0008328,1
GO:0008211,1
GO:0051495,1
GO:0007620,1
GO:0008186,1
GO:0051615,1
GO:0008050,1
GO:0051621,1
GO:0051623,1
GO:0051625,1
GO:0051646,1
GO:0051647,1
GO:0051653,1
GO:0051654,1
GO:0008039,1
GO:0051665,1
GO:0008038,1
GO:0051683,1
GO:0051702,1
GO:0051707,1
GO:0051717,1
GO:0051725,1
GO:0051729,1
GO:0007634,1
GO:0051775,1
GO:0051781,1
GO:0051795,1
GO:0051797,1
GO:0051800,1
GO:0007632,1
GO:0051611,1
GO:0008053,1
GO:0008074,1
GO:0051573,1
GO:0008172,1
GO:0051537,1
GO:0051539,1
GO:0051541,1
GO:0008171,1
GO:0051549,1
GO:0008168,1
GO:0008154,1
GO:0008152,1
GO:0051570,1
GO:0008146,1
GO:0051575,1
GO:0051606,1
GO:0051580,1
GO:0051582,1
GO:0008142,1
GO:0008140,1
GO:0051586,1
GO:0008137,1
GO:0051595,1
GO:0051597,1
GO:0051599,1
GO:0051601,1
GO:0008113,1
GO:0008429,1
GO:0008458,1
GO:0051168,1
GO:0051155,1
GO:0050819,1
GO:0009624,1
GO:0009615,1
GO:0009609,1
GO:0009582,1
GO:0009449,1
GO:0050849,1
GO:0009448,1
GO:0009441,1
GO:0009438,1
GO:0050857,1
GO:0009437,1
GO:0009411,1
GO:0009331,1
GO:0009311,1
GO:0050878,1
GO:0009258,1
GO:0050883,1
GO:0009156,1
GO:0009143,1
GO:0009142,1
GO:0050891,1
GO:0009086,1
GO:0009083,1
GO:0050894,1
GO:0050811,1
GO:0050810,1
GO:0009649,1
GO:0010032,1
GO:0050708,1
GO:0010193,1
GO:0010172,1
GO:0010133,1
GO:0010092,1
GO:0050730,1
GO:0010045,1
GO:0050748,1
GO:0010044,1
GO:0050764,1
GO:0010042,1
GO:0009988,1
GO:0009725,1
GO:0009968,1
GO:0050774,1
GO:0009922,1
GO:0009918,1
GO:0009914,1
GO:0009786,1
GO:0009750,1
GO:0050798,1
GO:0050803,1
GO:0009743,1
GO:0050805,1
GO:0009066,1
GO:0050904,1
GO:0050905,1
GO:0008506,1
GO:0051055,1
GO:0051058,1
GO:0008541,1
GO:0008520,1
GO:0008519,1
GO:0008510,1
GO:0051093,1
GO:0051096,1
GO:0051098,1
GO:0051099,1
GO:0051101,1
GO:0051122,1
GO:0008593,1
GO:0008502,1
GO:0051125,1
GO:0051126,1
GO:0051127,1
GO:0051138,1
GO:0008494,1
GO:0051147,1
GO:0008483,1
GO:0051150,1
GO:0008467,1
GO:0051152,1
GO:0051049,1
GO:0051022,1
GO:0050908,1
GO:0050994,1
GO:0009058,1
GO:0009041,1
GO:0050921,1
GO:0050923,1
GO:0050925,1
GO:0008940,1
GO:0008892,1
GO:0050957,1
GO:0008798,1
GO:0008757,1
GO:0050974,1
GO:0050995,1
GO:0008603,1
GO:0008652,1
GO:0050999,1
GO:0051001,1
GO:0008630,1
GO:0008627,1
GO:0051014,1
GO:0008611,1
GO:0051016,1
GO:0008610,1
GO:0051018,1
GO:0008607,1
GO:0007630,1
GO:0051866,1
GO:0010224,1
GO:0060382,1
GO:0060283,1
GO:0006930,1
GO:0006907,1
GO:0006903,1
GO:0060296,1
GO:0006885,1
GO:0060322,1
GO:0060323,1
GO:0006882,1
GO:0006873,1
GO:0006865,1
GO:0060327,1
GO:0060338,1
GO:0060341,1
GO:0006853,1
GO:0060346,1
GO:0060347,1
GO:0060349,1
GO:0060351,1
GO:0060354,1
GO:0060359,1
GO:0060363,1
GO:0060364,1
GO:0060371,1
GO:0060372,1
GO:0006933,1
GO:0060263,1
GO:0006941,1
GO:0006971,1
GO:0060157,1
GO:0006996,1
GO:0060160,1
GO:0060161,1
GO:0060166,1
GO:0060169,1
GO:0006986,1
GO:0060171,1
GO:0006978,1
GO:0060175,1
GO:0060177,1
GO:0060187,1
GO:0060260,1
GO:0060201,1
GO:0006970,1
GO:0060205,1
GO:0006958,1
GO:0006957,1
GO:0006956,1
GO:0060219,1
GO:0006952,1
GO:0060244,1
GO:0006949,1
GO:0060259,1
GO:0060379,1
GO:0060383,1
GO:0051867,1
GO:0060385,1
GO:0060487,1
GO:0060492,1
GO:0060506,1
GO:0006734,1
GO:0060510,1
GO:0060520,1
GO:0060546,1
GO:0060558,1
GO:0060560,1
GO:0060561,1
GO:0060563,1
GO:0060571,1
GO:0060580,1
GO:0060587,1
GO:0060590,1
GO:0060599,1
GO:0006707,1
GO:0006706,1
GO:0060623,1
GO:0060627,1
GO:0060662,1
GO:0060669,1
GO:0060689,1
GO:0060711,1
GO:0060713,1
GO:0060486,1
GO:0006739,1
GO:0060478,1
GO:0060414,1
GO:0060389,1
GO:0060390,1
GO:0060391,1
GO:0060392,1
GO:0060394,1
GO:0006809,1
GO:0060399,1
GO:0060405,1
GO:0060407,1
GO:0060411,1
GO:0006790,1
GO:0060415,1
GO:0060473,1
GO:0060425,1
GO:0060429,1
GO:0060437,1
GO:0060438,1
GO:0006777,1
GO:0060445,1
GO:0060449,1
GO:0060450,1
GO:0006740,1
GO:0060466,1
GO:0060471,1
GO:0060155,1
GO:0060137,1
GO:0060135,1
GO:0060125,1
GO:0051984,1
GO:0052314,1
GO:0052591,1
GO:0007260,1
GO:0007259,1
GO:0052629,1
GO:0007258,1
GO:0052659,1
GO:0052745,1
GO:0007231,1
GO:0052829,1
GO:0055003,1
GO:0055008,1
GO:0007200,1
GO:0007199,1
GO:0007198,1
GO:0055062,1
GO:0055064,1
GO:0055069,1
GO:0055072,1
GO:0007197,1
GO:0007185,1
GO:0055078,1
GO:0055080,1
GO:0007183,1
GO:0051974,1
GO:0051972,1
GO:0051970,1
GO:0007435,1
GO:0007617,1
GO:0007606,1
GO:0051884,1
GO:0007600,1
GO:0007585,1
GO:0007548,1
GO:0007529,1
GO:0007521,1
GO:0007512,1
GO:0007492,1
GO:0051917,1
GO:0051923,1
GO:0007276,1
GO:0007412,1
GO:0007403,1
GO:0007386,1
GO:0051936,1
GO:0051938,1
GO:0051939,1
GO:0051946,1
GO:0051964,1
GO:0007339,1
GO:0007296,1
GO:0007292,1
GO:0007182,1
GO:0007174,1
GO:0055096,1
GO:0007014,1
GO:0060060,1
GO:0060061,1
GO:0060066,1
GO:0060068,1
GO:0007044,1
GO:0007041,1
GO:0060072,1
GO:0032370,1
GO:0007033,1
GO:0007031,1
GO:0007029,1
GO:0007006,1
GO:0060058,1
GO:0060081,1
GO:0060083,1
GO:0060086,1
GO:0007004,1
GO:0060088,1
GO:0006999,1
GO:0060113,1
GO:0060119,1
GO:0060122,1
GO:0060123,1
GO:0060124,1
GO:0060059,1
GO:0060057,1
GO:0055100,1
GO:0060022,1
GO:0055107,1
GO:0055117,1
GO:0055118,1
GO:0007171,1
GO:0055120,1
GO:0007167,1
GO:0060012,1
GO:0007159,1
GO:0060017,1
GO:0007154,1
GO:0007141,1
GO:0060023,1
GO:0007088,1
GO:0007140,1
GO:0007131,1
GO:0060026,1
GO:0060037,1
GO:0060039,1
GO:0007129,1
GO:0060042,1
GO:0007097,1
GO:0060045,1
GO:0007096,1
GO:0007094,1
GO:0050700,1
GO:0010226,1
GO:0044855,1
GO:0015172,1
GO:0045841,1
GO:0045842,1
GO:0045844,1
GO:0015272,1
GO:0015269,1
GO:0015267,1
GO:0015245,1
GO:0045869,1
GO:0045870,1
GO:0045876,1
GO:0045879,1
GO:0015229,1
GO:0015205,1
GO:0045906,1
GO:0015196,1
GO:0045910,1
GO:0045917,1
GO:0015190,1
GO:0015189,1
GO:0045922,1
GO:0015185,1
GO:0045930,1
GO:0045933,1
GO:0045938,1
GO:0015174,1
GO:0015278,1
GO:0045838,1
GO:0045835,1
GO:0015562,1
GO:0045740,1
GO:0015757,1
GO:0015721,1
GO:0015701,1
GO:0015695,1
GO:0045761,1
GO:0015643,1
GO:0045763,1
GO:0015636,1
GO:0015616,1
GO:0045769,1
GO:0015517,1
GO:0045830,1
GO:0045779,1
GO:0015379,1
GO:0015378,1
GO:0015349,1
GO:0015299,1
GO:0045814,1
GO:0015293,1
GO:0015279,1
GO:0045822,1
GO:0045823,1
GO:0045824,1
GO:0015173,1
GO:0045948,1
GO:0014841,1
GO:0045953,1
GO:0046331,1
GO:0046340,1
GO:0046395,1
GO:0014910,1
GO:0046434,1
GO:0014909,1
GO:0046485,1
GO:0014904,1
GO:0046500,1
GO:0046513,1
GO:0046527,1
GO:0046533,1
GO:0046541,1
GO:0046543,1
GO:0014896,1
GO:0014894,1
GO:0014889,1
GO:0014883,1
GO:0046581,1
GO:0046596,1
GO:0046598,1
GO:0014870,1
GO:0046605,1
GO:0046620,1
GO:0046622,1
GO:0015014,1
GO:0015015,1
GO:0015020,1
GO:0046040,1
GO:0045954,1
GO:0015125,1
GO:0045957,1
GO:0045959,1
GO:0045976,1
GO:0015101,1
GO:0045989,1
GO:0046033,1
GO:0015081,1
GO:0015068,1
GO:0046038,1
GO:0046050,1
GO:0015026,1
GO:0046055,1
GO:0046059,1
GO:0046061,1
GO:0046068,1
GO:0046079,1
GO:0046085,1
GO:0046098,1
GO:0046103,1
GO:0046111,1
GO:0046219,1
GO:0015067,1
GO:0015770,1
GO:0045737,1
GO:0015786,1
GO:0045730,1
GO:0045187,1
GO:0045188,1
GO:0016274,1
GO:0016250,1
GO:0045199,1
GO:0045200,1
GO:0016235,1
GO:0016234,1
GO:0045214,1
GO:0045216,1
GO:0045217,1
GO:0045251,1
GO:0016226,1
GO:0016209,1
GO:0045298,1
GO:0045309,1
GO:0045324,1
GO:0045329,1
GO:0016191,1
GO:0016155,1
GO:0016132,1
GO:0016126,1
GO:0016080,1
GO:0045446,1
GO:0016072,1
GO:0045180,1
GO:0016282,1
GO:0016298,1
GO:0016493,1
GO:0044857,1
GO:0045008,1
GO:0045010,1
GO:0045027,1
GO:0045047,1
GO:0016528,1
GO:0016524,1
GO:0045059,1
GO:0045060,1
GO:0045061,1
GO:0016495,1
GO:0045088,1
GO:0045175,1
GO:0045095,1
GO:0016486,1
GO:0016480,1
GO:0045110,1
GO:0016471,1
GO:0016462,1
GO:0016441,1
GO:0045141,1
GO:0045159,1
GO:0045162,1
GO:0016314,1
GO:0045454,1
GO:0016018,1
GO:0045472,1
GO:0015823,1
GO:0045651,1
GO:0045652,1
GO:0015842,1
GO:0045655,1
GO:0045657,1
GO:0045661,1
GO:0045662,1
GO:0015829,1
GO:0015828,1
GO:0015827,1
GO:0015824,1
GO:0015821,1
GO:0045647,1
GO:0015820,1
GO:0015818,1
GO:0045672,1
GO:0045685,1
GO:0045719,1
GO:0045720,1
GO:0015810,1
GO:0045722,1
GO:0045724,1
GO:0045725,1
GO:0045726,1
GO:0045648,1
GO:0015851,1
GO:0016015,1
GO:0015881,1
GO:0015964,1
GO:0045540,1
GO:0045541,1
GO:0045545,1
GO:0045577,1
GO:0015913,1
GO:0045586,1
GO:0045588,1
GO:0015912,1
GO:0015889,1
GO:0015882,1
GO:0045598,1
GO:0045629,1
GO:0015874,1
GO:0015867,1
GO:0045604,1
GO:0045605,1
GO:0045608,1
GO:0045611,1
GO:0045617,1
GO:0045618,1
GO:0015866,1
GO:0045622,1
GO:0045627,1
GO:0014853,1
GO:0014839,1
GO:0050672,1
GO:0048681,1
GO:0010750,1
GO:0048608,1
GO:0048609,1
GO:0048617,1
GO:0010748,1
GO:0048627,1
GO:0048630,1
GO:0048631,1
GO:0048633,1
GO:0010745,1
GO:0010744,1
GO:0048641,1
GO:0010742,1
GO:0048644,1
GO:0048645,1
GO:0048646,1
GO:0010739,1
GO:0010737,1
GO:0010722,1
GO:0010717,1
GO:0010716,1
GO:0010715,1
GO:0010694,1
GO:0010669,1
GO:0010667,1
GO:0048598,1
GO:0048596,1
GO:0010751,1
GO:0048495,1
GO:0048403,1
GO:0048406,1
GO:0048468,1
GO:0010814,1
GO:0010812,1
GO:0048477,1
GO:0048478,1
GO:0010811,1
GO:0010804,1
GO:0010800,1
GO:0010793,1
GO:0048496,1
GO:0048592,1
GO:0048499,1
GO:0048505,1
GO:0010766,1
GO:0048512,1
GO:0048539,1
GO:0048541,1
GO:0048545,1
GO:0048557,1
GO:0048566,1
GO:0010755,1
GO:0010754,1
GO:0048680,1
GO:0048699,1
GO:0014834,1
GO:0048702,1
GO:0048859,1
GO:0010463,1
GO:0048871,1
GO:0048872,1
GO:0010457,1
GO:0048874,1
GO:0048878,1
GO:0048935,1
GO:0010452,1
GO:0050254,1
GO:0010389,1
GO:0050353,1
GO:0050427,1
GO:0050431,1
GO:0050432,1
GO:0050479,1
GO:0010314,1
GO:0050508,1
GO:0050509,1
GO:0050632,1
GO:0050633,1
GO:0010310,1
GO:0050658,1
GO:0010243,1
GO:0050667,1
GO:0010465,1
GO:0010470,1
GO:0048852,1
GO:0048769,1
GO:0010657,1
GO:0010650,1
GO:0010636,1
GO:0010632,1
GO:0048713,1
GO:0010625,1
GO:0010623,1
GO:0010606,1
GO:0010596,1
GO:0010591,1
GO:0010587,1
GO:0010571,1
GO:0010510,1
GO:0048789,1
GO:0010569,1
GO:0048793,1
GO:0010565,1
GO:0048808,1
GO:0010564,1
GO:0010560,1
GO:0048820,1
GO:0010521,1
GO:0048841,1
GO:0010518,1
GO:0048387,1
GO:0010815,1
GO:0010817,1
GO:0048339,1
GO:0046903,1
GO:0046907,1
GO:0046929,1
GO:0014050,1
GO:0046935,1
GO:0046936,1
GO:0046940,1
GO:0046960,1
GO:0046961,1
GO:0014047,1
GO:0014044,1
GO:0014016,1
GO:0014015,1
GO:0014009,1
GO:0014003,1
GO:0012506,1
GO:0010997,1
GO:0046985,1
GO:0047022,1
GO:0047066,1
GO:0047103,1
GO:0047144,1
GO:0047179,1
GO:0047223,1
GO:0047298,1
GO:0014054,1
GO:0046887,1
GO:0046883,1
GO:0014807,1
GO:0046633,1
GO:0046636,1
GO:0046638,1
GO:0046641,1
GO:0046651,1
GO:0014824,1
GO:0014820,1
GO:0046684,1
GO:0046688,1
GO:0046695,1
GO:0014809,1
GO:0014733,1
GO:0014057,1
GO:0046761,1
GO:0014722,1
GO:0046811,1
GO:0046813,1
GO:0014707,1
GO:0046827,1
GO:0046847,1
GO:0046850,1
GO:0014066,1
GO:0014064,1
GO:0046878,1
GO:0047323,1
GO:0047352,1
GO:0047372,1
GO:0048193,1
GO:0010882,1
GO:0048145,1
GO:0010868,1
GO:0010867,1
GO:0048149,1
GO:0010856,1
GO:0010855,1
GO:0010841,1
GO:0010837,1
GO:0048185,1
GO:0010831,1
GO:0048227,1
GO:0048105,1
GO:0010828,1
GO:0048261,1
GO:0048265,1
GO:0010827,1
GO:0048268,1
GO:0048298,1
GO:0048304,1
GO:0010820,1
GO:0048312,1
GO:0048332,1
GO:0010818,1
GO:0048133,1
GO:0048101,1
GO:0047429,1
GO:0010980,1
GO:0047496,1
GO:0010989,1
GO:0047598,1
GO:0047627,1
GO:0047676,1
GO:0047693,1
GO:0047710,1
GO:0047748,1
GO:0047749,1
GO:0047783,1
GO:0010988,1
GO:0010972,1
GO:0048050,1
GO:0010960,1
GO:0010955,1
GO:0010950,1
GO:0048014,1
GO:0048016,1
GO:0010917,1
GO:0010907,1
GO:0010899,1
GO:0048026,1
GO:0010897,1
GO:0010886,1
GO:2001271,1
